[?2026h[?25l[1Gpulling manifest ⠋ [K[?25h[?2026l[?2026h[?25l[1Gpulling manifest ⠹ [K[?25h[?2026l[?2026h[?25l[1Gpulling manifest ⠹ [K[?25h[?2026l[?2026h[?25l[1Gpulling manifest ⠼ [K[?25h[?2026l[?2026h[?25l[1Gpulling manifest ⠼ [K[?25h[?2026l[?2026h[?25l[1Gpulling manifest ⠴ [K[?25h[?2026l[?2026h[?25l[1Gpulling manifest ⠧ [K[?25h[?2026l[?2026h[?25l[1Gpulling manifest ⠧ [K[?25h[?2026l[?2026h[?25l[1Gpulling manifest ⠇ [K[?25h[?2026l[?2026h[?25l[1Gpulling manifest ⠋ [K[?25h[?2026l[?2026h[?25l[1Gpulling manifest ⠙ [K[?25h[?2026l[?2026h[?25l[1Gpulling manifest [K
pulling 85e4a5b7b8ef:   0% ▕                  ▏ 357 KB/2.5 GB                  [K[?25h[?2026l[?2026h[?25l[A[1Gpulling manifest [K
pulling 85e4a5b7b8ef:   0% ▕                  ▏ 3.6 MB/2.5 GB                  [K[?25h[?2026l[?2026h[?25l[A[1Gpulling manifest [K
pulling 85e4a5b7b8ef:   0% ▕                  ▏ 6.9 MB/2.5 GB                  [K[?25h[?2026l[?2026h[?25l[A[1Gpulling manifest [K
pulling 85e4a5b7b8ef:   0% ▕                  ▏ 8.6 MB/2.5 GB                  [K[?25h[?2026l[?2026h[?25l[A[1Gpulling manifest [K
pulling 85e4a5b7b8ef:   0% ▕                  ▏  12 MB/2.5 GB                  [K[?25h[?2026l[?2026h[?25l[A[1Gpulling manifest [K
pulling 85e4a5b7b8ef:   1% ▕                  ▏  15 MB/2.5 GB                  [K[?25h[?2026l[?2026h[?25l[A[1Gpulling manifest [K
pulling 85e4a5b7b8ef:   1% ▕                  ▏  16 MB/2.5 GB                  [K[?25h[?2026l[?2026h[?25l[A[1Gpulling manifest [K
pulling 85e4a5b7b8ef:   1% ▕                  ▏  20 MB/2.5 GB                  [K[?25h[?2026l[?2026h[?25l[A[1Gpulling manifest [K
pulling 85e4a5b7b8ef:   1% ▕                  ▏  23 MB/2.5 GB                  [K[?25h[?2026l[?2026h[?25l[A[1Gpulling manifest [K
pulling 85e4a5b7b8ef:   1% ▕                  ▏  25 MB/2.5 GB                  [K[?25h[?2026l[?2026h[?25l[A[1Gpulling manifest [K
pulling 85e4a5b7b8ef:   1% ▕                  ▏  29 MB/2.5 GB   29 MB/s   1m24s[K[?25h[?2026l[?2026h[?25l[A[1Gpulling manifest [K
pulling 85e4a5b7b8ef:   1% ▕                  ▏  33 MB/2.5 GB   29 MB/s   1m24s[K[?25h[?2026l[?2026h[?25l[A[1Gpulling manifest [K
pulling 85e4a5b7b8ef:   1% ▕                  ▏  35 MB/2.5 GB   29 MB/s   1m24s[K[?25h[?2026l[?2026h[?25l[A[1Gpulling manifest [K
pulling 85e4a5b7b8ef:   2% ▕                  ▏  40 MB/2.5 GB   29 MB/s   1m23s[K[?25h[?2026l[?2026h[?25l[A[1Gpulling manifest [K
pulling 85e4a5b7b8ef:   2% ▕                  ▏  44 MB/2.5 GB   29 MB/s   1m23s[K[?25h[?2026l[?2026h[?25l[A[1Gpulling manifest [K
pulling 85e4a5b7b8ef:   2% ▕                  ▏  46 MB/2.5 GB   29 MB/s   1m23s[K[?25h[?2026l[?2026h[?25l[A[1Gpulling manifest [K
pulling 85e4a5b7b8ef:   2% ▕                  ▏  50 MB/2.5 GB   29 MB/s   1m23s[K[?25h[?2026l[?2026h[?25l[A[1Gpulling manifest [K
pulling 85e4a5b7b8ef:   2% ▕                  ▏  55 MB/2.5 GB   29 MB/s   1m23s[K[?25h[?2026l[?2026h[?25l[A[1Gpulling manifest [K
pulling 85e4a5b7b8ef:   2% ▕                  ▏  57 MB/2.5 GB   29 MB/s   1m23s[K[?25h[?2026l[?2026h[?25l[A[1Gpulling manifest [K
pulling 85e4a5b7b8ef:   2% ▕                  ▏  61 MB/2.5 GB   29 MB/s   1m23s[K[?25h[?2026l[?2026h[?25l[A[1Gpulling manifest [K
pulling 85e4a5b7b8ef:   3% ▕                  ▏  65 MB/2.5 GB   32 MB/s   1m14s[K[?25h[?2026l[?2026h[?25l[A[1Gpulling manifest [K
pulling 85e4a5b7b8ef:   3% ▕                  ▏  68 MB/2.5 GB   32 MB/s   1m14s[K[?25h[?2026l[?2026h[?25l[A[1Gpulling manifest [K
pulling 85e4a5b7b8ef:   3% ▕                  ▏  71 MB/2.5 GB   32 MB/s   1m14s[K[?25h[?2026l[?2026h[?25l[A[1Gpulling manifest [K
pulling 85e4a5b7b8ef:   3% ▕                  ▏  76 MB/2.5 GB   32 MB/s   1m13s[K[?25h[?2026l[?2026h[?25l[A[1Gpulling manifest [K
pulling 85e4a5b7b8ef:   3% ▕                  ▏  78 MB/2.5 GB   32 MB/s   1m13s[K[?25h[?2026l[?2026h[?25l[A[1Gpulling manifest [K
pulling 85e4a5b7b8ef:   3% ▕                  ▏  82 MB/2.5 GB   32 MB/s   1m13s[K[?25h[?2026l[?2026h[?25l[A[1Gpulling manifest [K
pulling 85e4a5b7b8ef:   3% ▕                  ▏  87 MB/2.5 GB   32 MB/s   1m13s[K[?25h[?2026l[?2026h[?25l[A[1Gpulling manifest [K
pulling 85e4a5b7b8ef:   4% ▕                  ▏  88 MB/2.5 GB   32 MB/s   1m13s[K[?25h[?2026l[?2026h[?25l[A[1Gpulling manifest [K
pulling 85e4a5b7b8ef:   4% ▕                  ▏  92 MB/2.5 GB   32 MB/s   1m13s[K[?25h[?2026l[?2026h[?25l[A[1Gpulling manifest [K
pulling 85e4a5b7b8ef:   4% ▕                  ▏  96 MB/2.5 GB   32 MB/s   1m13s[K[?25h[?2026l[?2026h[?25l[A[1Gpulling manifest [K
pulling 85e4a5b7b8ef:   4% ▕                  ▏  98 MB/2.5 GB   32 MB/s   1m13s[K[?25h[?2026l[?2026h[?25l[A[1Gpulling manifest [K
pulling 85e4a5b7b8ef:   4% ▕                  ▏ 103 MB/2.5 GB   33 MB/s   1m11s[K[?25h[?2026l[?2026h[?25l[A[1Gpulling manifest [K
pulling 85e4a5b7b8ef:   4% ▕                  ▏ 107 MB/2.5 GB   33 MB/s   1m11s[K[?25h[?2026l[?2026h[?25l[A[1Gpulling manifest [K
pulling 85e4a5b7b8ef:   4% ▕                  ▏ 109 MB/2.5 GB   33 MB/s   1m11s[K[?25h[?2026l[?2026h[?25l[A[1Gpulling manifest [K
pulling 85e4a5b7b8ef:   5% ▕                  ▏ 113 MB/2.5 GB   33 MB/s   1m11s[K[?25h[?2026l[?2026h[?25l[A[1Gpulling manifest [K
pulling 85e4a5b7b8ef:   5% ▕                  ▏ 117 MB/2.5 GB   33 MB/s   1m10s[K[?25h[?2026l[?2026h[?25l[A[1Gpulling manifest [K
pulling 85e4a5b7b8ef:   5% ▕                  ▏ 120 MB/2.5 GB   33 MB/s   1m10s[K[?25h[?2026l[?2026h[?25l[A[1Gpulling manifest [K
pulling 85e4a5b7b8ef:   5% ▕                  ▏ 124 MB/2.5 GB   33 MB/s   1m10s[K[?25h[?2026l[?2026h[?25l[A[1Gpulling manifest [K
pulling 85e4a5b7b8ef:   5% ▕                  ▏ 128 MB/2.5 GB   33 MB/s   1m10s[K[?25h[?2026l[?2026h[?25l[A[1Gpulling manifest [K
pulling 85e4a5b7b8ef:   5% ▕                  ▏ 130 MB/2.5 GB   33 MB/s   1m10s[K[?25h[?2026l[?2026h[?25l[A[1Gpulling manifest [K
pulling 85e4a5b7b8ef:   5% ▕                  ▏ 135 MB/2.5 GB   33 MB/s   1m10s[K[?25h[?2026l[?2026h[?25l[A[1Gpulling manifest [K
pulling 85e4a5b7b8ef:   6% ▕█                 ▏ 139 MB/2.5 GB   34 MB/s    1m8s[K[?25h[?2026l[?2026h[?25l[A[1Gpulling manifest [K
pulling 85e4a5b7b8ef:   6% ▕█                 ▏ 141 MB/2.5 GB   34 MB/s    1m8s[K[?25h[?2026l[?2026h[?25l[A[1Gpulling manifest [K
pulling 85e4a5b7b8ef:   6% ▕█                 ▏ 145 MB/2.5 GB   34 MB/s    1m8s[K[?25h[?2026l[?2026h[?25l[A[1Gpulling manifest [K
pulling 85e4a5b7b8ef:   6% ▕█                 ▏ 150 MB/2.5 GB   34 MB/s    1m8s[K[?25h[?2026l[?2026h[?25l[A[1Gpulling manifest [K
pulling 85e4a5b7b8ef:   6% ▕█                 ▏ 151 MB/2.5 GB   34 MB/s    1m8s[K[?25h[?2026l[?2026h[?25l[A[1Gpulling manifest [K
pulling 85e4a5b7b8ef:   6% ▕█                 ▏ 156 MB/2.5 GB   34 MB/s    1m8s[K[?25h[?2026l[?2026h[?25l[A[1Gpulling manifest [K
pulling 85e4a5b7b8ef:   6% ▕█                 ▏ 160 MB/2.5 GB   34 MB/s    1m8s[K[?25h[?2026l[?2026h[?25l[A[1Gpulling manifest [K
pulling 85e4a5b7b8ef:   7% ▕█                 ▏ 162 MB/2.5 GB   34 MB/s    1m8s[K[?25h[?2026l[?2026h[?25l[A[1Gpulling manifest [K
pulling 85e4a5b7b8ef:   7% ▕█                 ▏ 166 MB/2.5 GB   34 MB/s    1m8s[K[?25h[?2026l[?2026h[?25l[A[1Gpulling manifest [K
pulling 85e4a5b7b8ef:   7% ▕█                 ▏ 170 MB/2.5 GB   34 MB/s    1m8s[K[?25h[?2026l[?2026h[?25l[A[1Gpulling manifest [K
pulling 85e4a5b7b8ef:   7% ▕█                 ▏ 172 MB/2.5 GB   34 MB/s    1m7s[K[?25h[?2026l[?2026h[?25l[A[1Gpulling manifest [K
pulling 85e4a5b7b8ef:   7% ▕█                 ▏ 177 MB/2.5 GB   34 MB/s    1m7s[K[?25h[?2026l[?2026h[?25l[A[1Gpulling manifest [K
pulling 85e4a5b7b8ef:   7% ▕█                 ▏ 181 MB/2.5 GB   34 MB/s    1m7s[K[?25h[?2026l[?2026h[?25l[A[1Gpulling manifest [K
pulling 85e4a5b7b8ef:   7% ▕█                 ▏ 183 MB/2.5 GB   34 MB/s    1m7s[K[?25h[?2026l[?2026h[?25l[A[1Gpulling manifest [K
pulling 85e4a5b7b8ef:   8% ▕█                 ▏ 187 MB/2.5 GB   34 MB/s    1m7s[K[?25h[?2026l[?2026h[?25l[A[1Gpulling manifest [K
pulling 85e4a5b7b8ef:   8% ▕█                 ▏ 191 MB/2.5 GB   34 MB/s    1m6s[K[?25h[?2026l[?2026h[?25l[A[1Gpulling manifest [K
pulling 85e4a5b7b8ef:   8% ▕█                 ▏ 193 MB/2.5 GB   34 MB/s    1m6s[K[?25h[?2026l[?2026h[?25l[A[1Gpulling manifest [K
pulling 85e4a5b7b8ef:   8% ▕█                 ▏ 197 MB/2.5 GB   34 MB/s    1m6s[K[?25h[?2026l[?2026h[?25l[A[1Gpulling manifest [K
pulling 85e4a5b7b8ef:   8% ▕█                 ▏ 202 MB/2.5 GB   34 MB/s    1m6s[K[?25h[?2026l[?2026h[?25l[A[1Gpulling manifest [K
pulling 85e4a5b7b8ef:   8% ▕█                 ▏ 204 MB/2.5 GB   34 MB/s    1m6s[K[?25h[?2026l[?2026h[?25l[A[1Gpulling manifest [K
pulling 85e4a5b7b8ef:   8% ▕█                 ▏ 208 MB/2.5 GB   34 MB/s    1m5s[K[?25h[?2026l[?2026h[?25l[A[1Gpulling manifest [K
pulling 85e4a5b7b8ef:   9% ▕█                 ▏ 212 MB/2.5 GB   34 MB/s    1m5s[K[?25h[?2026l[?2026h[?25l[A[1Gpulling manifest [K
pulling 85e4a5b7b8ef:   9% ▕█                 ▏ 214 MB/2.5 GB   34 MB/s    1m5s[K[?25h[?2026l[?2026h[?25l[A[1Gpulling manifest [K
pulling 85e4a5b7b8ef:   9% ▕█                 ▏ 219 MB/2.5 GB   34 MB/s    1m5s[K[?25h[?2026l[?2026h[?25l[A[1Gpulling manifest [K
pulling 85e4a5b7b8ef:   9% ▕█                 ▏ 223 MB/2.5 GB   34 MB/s    1m5s[K[?25h[?2026l[?2026h[?25l[A[1Gpulling manifest [K
pulling 85e4a5b7b8ef:   9% ▕█                 ▏ 225 MB/2.5 GB   34 MB/s    1m5s[K[?25h[?2026l[?2026h[?25l[A[1Gpulling manifest [K
pulling 85e4a5b7b8ef:   9% ▕█                 ▏ 230 MB/2.5 GB   34 MB/s    1m5s[K[?25h[?2026l[?2026h[?25l[A[1Gpulling manifest [K
pulling 85e4a5b7b8ef:   9% ▕█                 ▏ 233 MB/2.5 GB   34 MB/s    1m5s[K[?25h[?2026l[?2026h[?25l[A[1Gpulling manifest [K
pulling 85e4a5b7b8ef:   9% ▕█                 ▏ 235 MB/2.5 GB   34 MB/s    1m5s[K[?25h[?2026l[?2026h[?25l[A[1Gpulling manifest [K
pulling 85e4a5b7b8ef:  10% ▕█                 ▏ 240 MB/2.5 GB   34 MB/s    1m5s[K[?25h[?2026l[?2026h[?25l[A[1Gpulling manifest [K
pulling 85e4a5b7b8ef:  10% ▕█                 ▏ 244 MB/2.5 GB   34 MB/s    1m4s[K[?25h[?2026l[?2026h[?25l[A[1Gpulling manifest [K
pulling 85e4a5b7b8ef:  10% ▕█                 ▏ 246 MB/2.5 GB   34 MB/s    1m4s[K[?25h[?2026l[?2026h[?25l[A[1Gpulling manifest [K
pulling 85e4a5b7b8ef:  10% ▕█                 ▏ 250 MB/2.5 GB   34 MB/s    1m4s[K[?25h[?2026l[?2026h[?25l[A[1Gpulling manifest [K
pulling 85e4a5b7b8ef:  10% ▕█                 ▏ 255 MB/2.5 GB   34 MB/s    1m4s[K[?25h[?2026l[?2026h[?25l[A[1Gpulling manifest [K
pulling 85e4a5b7b8ef:  10% ▕█                 ▏ 257 MB/2.5 GB   34 MB/s    1m4s[K[?25h[?2026l[?2026h[?25l[A[1Gpulling manifest [K
pulling 85e4a5b7b8ef:  10% ▕█                 ▏ 261 MB/2.5 GB   34 MB/s    1m4s[K[?25h[?2026l[?2026h[?25l[A[1Gpulling manifest [K
pulling 85e4a5b7b8ef:  11% ▕█                 ▏ 265 MB/2.5 GB   34 MB/s    1m3s[K[?25h[?2026l[?2026h[?25l[A[1Gpulling manifest [K
pulling 85e4a5b7b8ef:  11% ▕█                 ▏ 267 MB/2.5 GB   34 MB/s    1m3s[K[?25h[?2026l[?2026h[?25l[A[1Gpulling manifest [K
pulling 85e4a5b7b8ef:  11% ▕█                 ▏ 271 MB/2.5 GB   34 MB/s    1m3s[K[?25h[?2026l[?2026h[?25l[A[1Gpulling manifest [K
pulling 85e4a5b7b8ef:  11% ▕█                 ▏ 275 MB/2.5 GB   34 MB/s    1m3s[K[?25h[?2026l[?2026h[?25l[A[1Gpulling manifest [K
pulling 85e4a5b7b8ef:  11% ▕█                 ▏ 277 MB/2.5 GB   34 MB/s    1m3s[K[?25h[?2026l[?2026h[?25l[A[1Gpulling manifest [K
pulling 85e4a5b7b8ef:  11% ▕██                ▏ 281 MB/2.5 GB   34 MB/s    1m3s[K[?25h[?2026l[?2026h[?25l[A[1Gpulling manifest [K
pulling 85e4a5b7b8ef:  11% ▕██                ▏ 285 MB/2.5 GB   34 MB/s    1m3s[K[?25h[?2026l[?2026h[?25l[A[1Gpulling manifest [K
pulling 85e4a5b7b8ef:  12% ▕██                ▏ 288 MB/2.5 GB   34 MB/s    1m3s[K[?25h[?2026l[?2026h[?25l[A[1Gpulling manifest [K
pulling 85e4a5b7b8ef:  12% ▕██                ▏ 292 MB/2.5 GB   34 MB/s    1m3s[K[?25h[?2026l[?2026h[?25l[A[1Gpulling manifest [K
pulling 85e4a5b7b8ef:  12% ▕██                ▏ 296 MB/2.5 GB   34 MB/s    1m3s[K[?25h[?2026l[?2026h[?25l[A[1Gpulling manifest [K
pulling 85e4a5b7b8ef:  12% ▕██                ▏ 298 MB/2.5 GB   34 MB/s    1m3s[K[?25h[?2026l[?2026h[?25l[A[1Gpulling manifest [K
pulling 85e4a5b7b8ef:  12% ▕██                ▏ 303 MB/2.5 GB   34 MB/s    1m2s[K[?25h[?2026l[?2026h[?25l[A[1Gpulling manifest [K
pulling 85e4a5b7b8ef:  12% ▕██                ▏ 307 MB/2.5 GB   34 MB/s    1m2s[K[?25h[?2026l[?2026h[?25l[A[1Gpulling manifest [K
pulling 85e4a5b7b8ef:  12% ▕██                ▏ 309 MB/2.5 GB   34 MB/s    1m2s[K[?25h[?2026l[?2026h[?25l[A[1Gpulling manifest [K
pulling 85e4a5b7b8ef:  13% ▕██                ▏ 313 MB/2.5 GB   34 MB/s    1m2s[K[?25h[?2026l[?2026h[?25l[A[1Gpulling manifest [K
pulling 85e4a5b7b8ef:  13% ▕██                ▏ 317 MB/2.5 GB   35 MB/s    1m2s[K[?25h[?2026l[?2026h[?25l[A[1Gpulling manifest [K
pulling 85e4a5b7b8ef:  13% ▕██                ▏ 319 MB/2.5 GB   35 MB/s    1m2s[K[?25h[?2026l[?2026h[?25l[A[1Gpulling manifest [K
pulling 85e4a5b7b8ef:  13% ▕██                ▏ 323 MB/2.5 GB   35 MB/s    1m2s[K[?25h[?2026l[?2026h[?25l[A[1Gpulling manifest [K
pulling 85e4a5b7b8ef:  13% ▕██                ▏ 327 MB/2.5 GB   35 MB/s    1m1s[K[?25h[?2026l[?2026h[?25l[A[1Gpulling manifest [K
pulling 85e4a5b7b8ef:  13% ▕██                ▏ 329 MB/2.5 GB   35 MB/s    1m1s[K[?25h[?2026l[?2026h[?25l[A[1Gpulling manifest [K
pulling 85e4a5b7b8ef:  13% ▕██                ▏ 333 MB/2.5 GB   35 MB/s    1m1s[K[?25h[?2026l[?2026h[?25l[A[1Gpulling manifest [K
pulling 85e4a5b7b8ef:  14% ▕██                ▏ 337 MB/2.5 GB   35 MB/s    1m1s[K[?25h[?2026l[?2026h[?25l[A[1Gpulling manifest [K
pulling 85e4a5b7b8ef:  14% ▕██                ▏ 339 MB/2.5 GB   35 MB/s    1m1s[K[?25h[?2026l[?2026h[?25l[A[1Gpulling manifest [K
pulling 85e4a5b7b8ef:  14% ▕██                ▏ 341 MB/2.5 GB   35 MB/s    1m1s[K[?25h[?2026l[?2026h[?25l[A[1Gpulling manifest [K
pulling 85e4a5b7b8ef:  14% ▕██                ▏ 344 MB/2.5 GB   35 MB/s    1m1s[K[?25h[?2026l[?2026h[?25l[A[1Gpulling manifest [K
pulling 85e4a5b7b8ef:  14% ▕██                ▏ 346 MB/2.5 GB   35 MB/s    1m1s[K[?25h[?2026l[?2026h[?25l[A[1Gpulling manifest [K
pulling 85e4a5b7b8ef:  14% ▕██                ▏ 350 MB/2.5 GB   35 MB/s    1m0s[K[?25h[?2026l[?2026h[?25l[A[1Gpulling manifest [K
pulling 85e4a5b7b8ef:  14% ▕██                ▏ 354 MB/2.5 GB   35 MB/s    1m0s[K[?25h[?2026l[?2026h[?25l[A[1Gpulling manifest [K
pulling 85e4a5b7b8ef:  14% ▕██                ▏ 356 MB/2.5 GB   35 MB/s    1m0s[K[?25h[?2026l[?2026h[?25l[A[1Gpulling manifest [K
pulling 85e4a5b7b8ef:  14% ▕██                ▏ 361 MB/2.5 GB   35 MB/s    1m0s[K[?25h[?2026l[?2026h[?25l[A[1Gpulling manifest [K
pulling 85e4a5b7b8ef:  15% ▕██                ▏ 365 MB/2.5 GB   35 MB/s    1m0s[K[?25h[?2026l[?2026h[?25l[A[1Gpulling manifest [K
pulling 85e4a5b7b8ef:  15% ▕██                ▏ 367 MB/2.5 GB   35 MB/s    1m0s[K[?25h[?2026l[?2026h[?25l[A[1Gpulling manifest [K
pulling 85e4a5b7b8ef:  15% ▕██                ▏ 371 MB/2.5 GB   35 MB/s    1m0s[K[?25h[?2026l[?2026h[?25l[A[1Gpulling manifest [K
pulling 85e4a5b7b8ef:  15% ▕██                ▏ 375 MB/2.5 GB   35 MB/s    1m0s[K[?25h[?2026l[?2026h[?25l[A[1Gpulling manifest [K
pulling 85e4a5b7b8ef:  15% ▕██                ▏ 377 MB/2.5 GB   35 MB/s    1m0s[K[?25h[?2026l[?2026h[?25l[A[1Gpulling manifest [K
pulling 85e4a5b7b8ef:  15% ▕██                ▏ 382 MB/2.5 GB   35 MB/s    1m0s[K[?25h[?2026l[?2026h[?25l[A[1Gpulling manifest [K
pulling 85e4a5b7b8ef:  15% ▕██                ▏ 386 MB/2.5 GB   35 MB/s    1m0s[K[?25h[?2026l[?2026h[?25l[A[1Gpulling manifest [K
pulling 85e4a5b7b8ef:  16% ▕██                ▏ 388 MB/2.5 GB   35 MB/s    1m0s[K[?25h[?2026l[?2026h[?25l[A[1Gpulling manifest [K
pulling 85e4a5b7b8ef:  16% ▕██                ▏ 392 MB/2.5 GB   35 MB/s     59s[K[?25h[?2026l[?2026h[?25l[A[1Gpulling manifest [K
pulling 85e4a5b7b8ef:  16% ▕██                ▏ 396 MB/2.5 GB   35 MB/s     59s[K[?25h[?2026l[?2026h[?25l[A[1Gpulling manifest [K
pulling 85e4a5b7b8ef:  16% ▕██                ▏ 398 MB/2.5 GB   35 MB/s     59s[K[?25h[?2026l[?2026h[?25l[A[1Gpulling manifest [K
pulling 85e4a5b7b8ef:  16% ▕██                ▏ 403 MB/2.5 GB   35 MB/s     59s[K[?25h[?2026l[?2026h[?25l[A[1Gpulling manifest [K
pulling 85e4a5b7b8ef:  16% ▕██                ▏ 407 MB/2.5 GB   35 MB/s     59s[K[?25h[?2026l[?2026h[?25l[A[1Gpulling manifest [K
pulling 85e4a5b7b8ef:  16% ▕██                ▏ 409 MB/2.5 GB   35 MB/s     59s[K[?25h[?2026l[?2026h[?25l[A[1Gpulling manifest [K
pulling 85e4a5b7b8ef:  17% ▕██                ▏ 413 MB/2.5 GB   35 MB/s     59s[K[?25h[?2026l[?2026h[?25l[A[1Gpulling manifest [K
pulling 85e4a5b7b8ef:  17% ▕███               ▏ 417 MB/2.5 GB   35 MB/s     59s[K[?25h[?2026l[?2026h[?25l[A[1Gpulling manifest [K
pulling 85e4a5b7b8ef:  17% ▕███               ▏ 419 MB/2.5 GB   35 MB/s     59s[K[?25h[?2026l[?2026h[?25l[A[1Gpulling manifest [K
pulling 85e4a5b7b8ef:  17% ▕███               ▏ 423 MB/2.5 GB   35 MB/s     58s[K[?25h[?2026l[?2026h[?25l[A[1Gpulling manifest [K
pulling 85e4a5b7b8ef:  17% ▕███               ▏ 428 MB/2.5 GB   35 MB/s     58s[K[?25h[?2026l[?2026h[?25l[A[1Gpulling manifest [K
pulling 85e4a5b7b8ef:  17% ▕███               ▏ 430 MB/2.5 GB   35 MB/s     58s[K[?25h[?2026l[?2026h[?25l[A[1Gpulling manifest [K
pulling 85e4a5b7b8ef:  17% ▕███               ▏ 434 MB/2.5 GB   35 MB/s     58s[K[?25h[?2026l[?2026h[?25l[A[1Gpulling manifest [K
pulling 85e4a5b7b8ef:  18% ▕███               ▏ 438 MB/2.5 GB   35 MB/s     58s[K[?25h[?2026l[?2026h[?25l[A[1Gpulling manifest [K
pulling 85e4a5b7b8ef:  18% ▕███               ▏ 440 MB/2.5 GB   35 MB/s     58s[K[?25h[?2026l[?2026h[?25l[A[1Gpulling manifest [K
pulling 85e4a5b7b8ef:  18% ▕███               ▏ 444 MB/2.5 GB   35 MB/s     58s[K[?25h[?2026l[?2026h[?25l[A[1Gpulling manifest [K
pulling 85e4a5b7b8ef:  18% ▕███               ▏ 449 MB/2.5 GB   35 MB/s     58s[K[?25h[?2026l[?2026h[?25l[A[1Gpulling manifest [K
pulling 85e4a5b7b8ef:  18% ▕███               ▏ 451 MB/2.5 GB   35 MB/s     58s[K[?25h[?2026l[?2026h[?25l[A[1Gpulling manifest [K
pulling 85e4a5b7b8ef:  18% ▕███               ▏ 455 MB/2.5 GB   35 MB/s     58s[K[?25h[?2026l[?2026h[?25l[A[1Gpulling manifest [K
pulling 85e4a5b7b8ef:  18% ▕███               ▏ 459 MB/2.5 GB   35 MB/s     58s[K[?25h[?2026l[?2026h[?25l[A[1Gpulling manifest [K
pulling 85e4a5b7b8ef:  18% ▕███               ▏ 461 MB/2.5 GB   35 MB/s     57s[K[?25h[?2026l[?2026h[?25l[A[1Gpulling manifest [K
pulling 85e4a5b7b8ef:  19% ▕███               ▏ 466 MB/2.5 GB   35 MB/s     57s[K[?25h[?2026l[?2026h[?25l[A[1Gpulling manifest [K
pulling 85e4a5b7b8ef:  19% ▕███               ▏ 470 MB/2.5 GB   35 MB/s     57s[K[?25h[?2026l[?2026h[?25l[A[1Gpulling manifest [K
pulling 85e4a5b7b8ef:  19% ▕███               ▏ 472 MB/2.5 GB   35 MB/s     57s[K[?25h[?2026l[?2026h[?25l[A[1Gpulling manifest [K
pulling 85e4a5b7b8ef:  19% ▕███               ▏ 476 MB/2.5 GB   35 MB/s     57s[K[?25h[?2026l[?2026h[?25l[A[1Gpulling manifest [K
pulling 85e4a5b7b8ef:  19% ▕███               ▏ 480 MB/2.5 GB   35 MB/s     57s[K[?25h[?2026l[?2026h[?25l[A[1Gpulling manifest [K
pulling 85e4a5b7b8ef:  19% ▕███               ▏ 482 MB/2.5 GB   35 MB/s     57s[K[?25h[?2026l[?2026h[?25l[A[1Gpulling manifest [K
pulling 85e4a5b7b8ef:  19% ▕███               ▏ 486 MB/2.5 GB   35 MB/s     57s[K[?25h[?2026l[?2026h[?25l[A[1Gpulling manifest [K
pulling 85e4a5b7b8ef:  20% ▕███               ▏ 490 MB/2.5 GB   35 MB/s     57s[K[?25h[?2026l[?2026h[?25l[A[1Gpulling manifest [K
pulling 85e4a5b7b8ef:  20% ▕███               ▏ 493 MB/2.5 GB   35 MB/s     57s[K[?25h[?2026l[?2026h[?25l[A[1Gpulling manifest [K
pulling 85e4a5b7b8ef:  20% ▕███               ▏ 497 MB/2.5 GB   35 MB/s     56s[K[?25h[?2026l[?2026h[?25l[A[1Gpulling manifest [K
pulling 85e4a5b7b8ef:  20% ▕███               ▏ 501 MB/2.5 GB   35 MB/s     56s[K[?25h[?2026l[?2026h[?25l[A[1Gpulling manifest [K
pulling 85e4a5b7b8ef:  20% ▕███               ▏ 503 MB/2.5 GB   35 MB/s     56s[K[?25h[?2026l[?2026h[?25l[A[1Gpulling manifest [K
pulling 85e4a5b7b8ef:  20% ▕███               ▏ 508 MB/2.5 GB   35 MB/s     56s[K[?25h[?2026l[?2026h[?25l[A[1Gpulling manifest [K
pulling 85e4a5b7b8ef:  21% ▕███               ▏ 512 MB/2.5 GB   35 MB/s     56s[K[?25h[?2026l[?2026h[?25l[A[1Gpulling manifest [K
pulling 85e4a5b7b8ef:  21% ▕███               ▏ 514 MB/2.5 GB   35 MB/s     56s[K[?25h[?2026l[?2026h[?25l[A[1Gpulling manifest [K
pulling 85e4a5b7b8ef:  21% ▕███               ▏ 517 MB/2.5 GB   35 MB/s     56s[K[?25h[?2026l[?2026h[?25l[A[1Gpulling manifest [K
pulling 85e4a5b7b8ef:  21% ▕███               ▏ 522 MB/2.5 GB   35 MB/s     56s[K[?25h[?2026l[?2026h[?25l[A[1Gpulling manifest [K
pulling 85e4a5b7b8ef:  21% ▕███               ▏ 524 MB/2.5 GB   35 MB/s     56s[K[?25h[?2026l[?2026h[?25l[A[1Gpulling manifest [K
pulling 85e4a5b7b8ef:  21% ▕███               ▏ 528 MB/2.5 GB   35 MB/s     56s[K[?25h[?2026l[?2026h[?25l[A[1Gpulling manifest [K
pulling 85e4a5b7b8ef:  21% ▕███               ▏ 533 MB/2.5 GB   35 MB/s     55s[K[?25h[?2026l[?2026h[?25l[A[1Gpulling manifest [K
pulling 85e4a5b7b8ef:  21% ▕███               ▏ 535 MB/2.5 GB   35 MB/s     55s[K[?25h[?2026l[?2026h[?25l[A[1Gpulling manifest [K
pulling 85e4a5b7b8ef:  22% ▕███               ▏ 539 MB/2.5 GB   35 MB/s     55s[K[?25h[?2026l[?2026h[?25l[A[1Gpulling manifest [K
pulling 85e4a5b7b8ef:  22% ▕███               ▏ 543 MB/2.5 GB   35 MB/s     55s[K[?25h[?2026l[?2026h[?25l[A[1Gpulling manifest [K
pulling 85e4a5b7b8ef:  22% ▕███               ▏ 545 MB/2.5 GB   35 MB/s     55s[K[?25h[?2026l[?2026h[?25l[A[1Gpulling manifest [K
pulling 85e4a5b7b8ef:  22% ▕███               ▏ 549 MB/2.5 GB   35 MB/s     55s[K[?25h[?2026l[?2026h[?25l[A[1Gpulling manifest [K
pulling 85e4a5b7b8ef:  22% ▕███               ▏ 553 MB/2.5 GB   35 MB/s     55s[K[?25h[?2026l[?2026h[?25l[A[1Gpulling manifest [K
pulling 85e4a5b7b8ef:  22% ▕████              ▏ 556 MB/2.5 GB   35 MB/s     55s[K[?25h[?2026l[?2026h[?25l[A[1Gpulling manifest [K
pulling 85e4a5b7b8ef:  22% ▕████              ▏ 560 MB/2.5 GB   35 MB/s     55s[K[?25h[?2026l[?2026h[?25l[A[1Gpulling manifest [K
pulling 85e4a5b7b8ef:  23% ▕████              ▏ 564 MB/2.5 GB   35 MB/s     55s[K[?25h[?2026l[?2026h[?25l[A[1Gpulling manifest [K
pulling 85e4a5b7b8ef:  23% ▕████              ▏ 566 MB/2.5 GB   35 MB/s     55s[K[?25h[?2026l[?2026h[?25l[A[1Gpulling manifest [K
pulling 85e4a5b7b8ef:  23% ▕████              ▏ 570 MB/2.5 GB   35 MB/s     54s[K[?25h[?2026l[?2026h[?25l[A[1Gpulling manifest [K
pulling 85e4a5b7b8ef:  23% ▕████              ▏ 575 MB/2.5 GB   35 MB/s     54s[K[?25h[?2026l[?2026h[?25l[A[1Gpulling manifest [K
pulling 85e4a5b7b8ef:  23% ▕████              ▏ 577 MB/2.5 GB   35 MB/s     54s[K[?25h[?2026l[?2026h[?25l[A[1Gpulling manifest [K
pulling 85e4a5b7b8ef:  23% ▕████              ▏ 581 MB/2.5 GB   35 MB/s     54s[K[?25h[?2026l[?2026h[?25l[A[1Gpulling manifest [K
pulling 85e4a5b7b8ef:  23% ▕████              ▏ 585 MB/2.5 GB   35 MB/s     54s[K[?25h[?2026l[?2026h[?25l[A[1Gpulling manifest [K
pulling 85e4a5b7b8ef:  24% ▕████              ▏ 587 MB/2.5 GB   35 MB/s     54s[K[?25h[?2026l[?2026h[?25l[A[1Gpulling manifest [K
pulling 85e4a5b7b8ef:  24% ▕████              ▏ 591 MB/2.5 GB   35 MB/s     54s[K[?25h[?2026l[?2026h[?25l[A[1Gpulling manifest [K
pulling 85e4a5b7b8ef:  24% ▕████              ▏ 595 MB/2.5 GB   35 MB/s     54s[K[?25h[?2026l[?2026h[?25l[A[1Gpulling manifest [K
pulling 85e4a5b7b8ef:  24% ▕████              ▏ 597 MB/2.5 GB   35 MB/s     54s[K[?25h[?2026l[?2026h[?25l[A[1Gpulling manifest [K
pulling 85e4a5b7b8ef:  24% ▕████              ▏ 601 MB/2.5 GB   35 MB/s     53s[K[?25h[?2026l[?2026h[?25l[A[1Gpulling manifest [K
pulling 85e4a5b7b8ef:  24% ▕████              ▏ 606 MB/2.5 GB   35 MB/s     53s[K[?25h[?2026l[?2026h[?25l[A[1Gpulling manifest [K
pulling 85e4a5b7b8ef:  24% ▕████              ▏ 608 MB/2.5 GB   35 MB/s     53s[K[?25h[?2026l[?2026h[?25l[A[1Gpulling manifest [K
pulling 85e4a5b7b8ef:  25% ▕████              ▏ 612 MB/2.5 GB   35 MB/s     53s[K[?25h[?2026l[?2026h[?25l[A[1Gpulling manifest [K
pulling 85e4a5b7b8ef:  25% ▕████              ▏ 616 MB/2.5 GB   35 MB/s     53s[K[?25h[?2026l[?2026h[?25l[A[1Gpulling manifest [K
pulling 85e4a5b7b8ef:  25% ▕████              ▏ 618 MB/2.5 GB   35 MB/s     53s[K[?25h[?2026l[?2026h[?25l[A[1Gpulling manifest [K
pulling 85e4a5b7b8ef:  25% ▕████              ▏ 622 MB/2.5 GB   35 MB/s     53s[K[?25h[?2026l[?2026h[?25l[A[1Gpulling manifest [K
pulling 85e4a5b7b8ef:  25% ▕████              ▏ 627 MB/2.5 GB   35 MB/s     53s[K[?25h[?2026l[?2026h[?25l[A[1Gpulling manifest [K
pulling 85e4a5b7b8ef:  25% ▕████              ▏ 629 MB/2.5 GB   35 MB/s     53s[K[?25h[?2026l[?2026h[?25l[A[1Gpulling manifest [K
pulling 85e4a5b7b8ef:  25% ▕████              ▏ 633 MB/2.5 GB   35 MB/s     53s[K[?25h[?2026l[?2026h[?25l[A[1Gpulling manifest [K
pulling 85e4a5b7b8ef:  26% ▕████              ▏ 637 MB/2.5 GB   35 MB/s     52s[K[?25h[?2026l[?2026h[?25l[A[1Gpulling manifest [K
pulling 85e4a5b7b8ef:  26% ▕████              ▏ 639 MB/2.5 GB   35 MB/s     52s[K[?25h[?2026l[?2026h[?25l[A[1Gpulling manifest [K
pulling 85e4a5b7b8ef:  26% ▕████              ▏ 643 MB/2.5 GB   35 MB/s     52s[K[?25h[?2026l[?2026h[?25l[A[1Gpulling manifest [K
pulling 85e4a5b7b8ef:  26% ▕████              ▏ 648 MB/2.5 GB   35 MB/s     52s[K[?25h[?2026l[?2026h[?25l[A[1Gpulling manifest [K
pulling 85e4a5b7b8ef:  26% ▕████              ▏ 650 MB/2.5 GB   35 MB/s     52s[K[?25h[?2026l[?2026h[?25l[A[1Gpulling manifest [K
pulling 85e4a5b7b8ef:  26% ▕████              ▏ 654 MB/2.5 GB   35 MB/s     52s[K[?25h[?2026l[?2026h[?25l[A[1Gpulling manifest [K
pulling 85e4a5b7b8ef:  26% ▕████              ▏ 658 MB/2.5 GB   35 MB/s     52s[K[?25h[?2026l[?2026h[?25l[A[1Gpulling manifest [K
pulling 85e4a5b7b8ef:  26% ▕████              ▏ 660 MB/2.5 GB   35 MB/s     52s[K[?25h[?2026l[?2026h[?25l[A[1Gpulling manifest [K
pulling 85e4a5b7b8ef:  27% ▕████              ▏ 664 MB/2.5 GB   35 MB/s     52s[K[?25h[?2026l[?2026h[?25l[A[1Gpulling manifest [K
pulling 85e4a5b7b8ef:  27% ▕████              ▏ 669 MB/2.5 GB   35 MB/s     51s[K[?25h[?2026l[?2026h[?25l[A[1Gpulling manifest [K
pulling 85e4a5b7b8ef:  27% ▕████              ▏ 671 MB/2.5 GB   35 MB/s     51s[K[?25h[?2026l[?2026h[?25l[A[1Gpulling manifest [K
pulling 85e4a5b7b8ef:  27% ▕████              ▏ 675 MB/2.5 GB   35 MB/s     51s[K[?25h[?2026l[?2026h[?25l[A[1Gpulling manifest [K
pulling 85e4a5b7b8ef:  27% ▕████              ▏ 679 MB/2.5 GB   35 MB/s     51s[K[?25h[?2026l[?2026h[?25l[A[1Gpulling manifest [K
pulling 85e4a5b7b8ef:  27% ▕████              ▏ 681 MB/2.5 GB   35 MB/s     51s[K[?25h[?2026l[?2026h[?25l[A[1Gpulling manifest [K
pulling 85e4a5b7b8ef:  27% ▕████              ▏ 685 MB/2.5 GB   35 MB/s     50s[K[?25h[?2026l[?2026h[?25l[A[1Gpulling manifest [K
pulling 85e4a5b7b8ef:  28% ▕████              ▏ 690 MB/2.5 GB   35 MB/s     50s[K[?25h[?2026l[?2026h[?25l[A[1Gpulling manifest [K
pulling 85e4a5b7b8ef:  28% ▕████              ▏ 691 MB/2.5 GB   35 MB/s     50s[K[?25h[?2026l[?2026h[?25l[A[1Gpulling manifest [K
pulling 85e4a5b7b8ef:  28% ▕████              ▏ 692 MB/2.5 GB   35 MB/s     50s[K[?25h[?2026l[?2026h[?25l[A[1Gpulling manifest [K
pulling 85e4a5b7b8ef:  28% ▕█████             ▏ 694 MB/2.5 GB   35 MB/s     50s[K[?25h[?2026l[?2026h[?25l[A[1Gpulling manifest [K
pulling 85e4a5b7b8ef:  28% ▕█████             ▏ 696 MB/2.5 GB   34 MB/s     51s[K[?25h[?2026l[?2026h[?25l[A[1Gpulling manifest [K
pulling 85e4a5b7b8ef:  28% ▕█████             ▏ 700 MB/2.5 GB   34 MB/s     51s[K[?25h[?2026l[?2026h[?25l[A[1Gpulling manifest [K
pulling 85e4a5b7b8ef:  28% ▕█████             ▏ 704 MB/2.5 GB   34 MB/s     51s[K[?25h[?2026l[?2026h[?25l[A[1Gpulling manifest [K
pulling 85e4a5b7b8ef:  28% ▕█████             ▏ 707 MB/2.5 GB   34 MB/s     51s[K[?25h[?2026l[?2026h[?25l[A[1Gpulling manifest [K
pulling 85e4a5b7b8ef:  28% ▕█████             ▏ 711 MB/2.5 GB   34 MB/s     51s[K[?25h[?2026l[?2026h[?25l[A[1Gpulling manifest [K
pulling 85e4a5b7b8ef:  29% ▕█████             ▏ 715 MB/2.5 GB   34 MB/s     51s[K[?25h[?2026l[?2026h[?25l[A[1Gpulling manifest [K
pulling 85e4a5b7b8ef:  29% ▕█████             ▏ 717 MB/2.5 GB   34 MB/s     50s[K[?25h[?2026l[?2026h[?25l[A[1Gpulling manifest [K
pulling 85e4a5b7b8ef:  29% ▕█████             ▏ 721 MB/2.5 GB   34 MB/s     50s[K[?25h[?2026l[?2026h[?25l[A[1Gpulling manifest [K
pulling 85e4a5b7b8ef:  29% ▕█████             ▏ 725 MB/2.5 GB   34 MB/s     50s[K[?25h[?2026l[?2026h[?25l[A[1Gpulling manifest [K
pulling 85e4a5b7b8ef:  29% ▕█████             ▏ 727 MB/2.5 GB   34 MB/s     50s[K[?25h[?2026l[?2026h[?25l[A[1Gpulling manifest [K
pulling 85e4a5b7b8ef:  29% ▕█████             ▏ 731 MB/2.5 GB   34 MB/s     50s[K[?25h[?2026l[?2026h[?25l[A[1Gpulling manifest [K
pulling 85e4a5b7b8ef:  29% ▕█████             ▏ 736 MB/2.5 GB   34 MB/s     50s[K[?25h[?2026l[?2026h[?25l[A[1Gpulling manifest [K
pulling 85e4a5b7b8ef:  30% ▕█████             ▏ 738 MB/2.5 GB   34 MB/s     50s[K[?25h[?2026l[?2026h[?25l[A[1Gpulling manifest [K
pulling 85e4a5b7b8ef:  30% ▕█████             ▏ 742 MB/2.5 GB   34 MB/s     50s[K[?25h[?2026l[?2026h[?25l[A[1Gpulling manifest [K
pulling 85e4a5b7b8ef:  30% ▕█████             ▏ 746 MB/2.5 GB   34 MB/s     50s[K[?25h[?2026l[?2026h[?25l[A[1Gpulling manifest [K
pulling 85e4a5b7b8ef:  30% ▕█████             ▏ 748 MB/2.5 GB   34 MB/s     50s[K[?25h[?2026l[?2026h[?25l[A[1Gpulling manifest [K
pulling 85e4a5b7b8ef:  30% ▕█████             ▏ 753 MB/2.5 GB   34 MB/s     49s[K[?25h[?2026l[?2026h[?25l[A[1Gpulling manifest [K
pulling 85e4a5b7b8ef:  30% ▕█████             ▏ 757 MB/2.5 GB   34 MB/s     49s[K[?25h[?2026l[?2026h[?25l[A[1Gpulling manifest [K
pulling 85e4a5b7b8ef:  30% ▕█████             ▏ 759 MB/2.5 GB   34 MB/s     49s[K[?25h[?2026l[?2026h[?25l[A[1Gpulling manifest [K
pulling 85e4a5b7b8ef:  31% ▕█████             ▏ 763 MB/2.5 GB   34 MB/s     49s[K[?25h[?2026l[?2026h[?25l[A[1Gpulling manifest [K
pulling 85e4a5b7b8ef:  31% ▕█████             ▏ 767 MB/2.5 GB   34 MB/s     49s[K[?25h[?2026l[?2026h[?25l[A[1Gpulling manifest [K
pulling 85e4a5b7b8ef:  31% ▕█████             ▏ 769 MB/2.5 GB   34 MB/s     49s[K[?25h[?2026l[?2026h[?25l[A[1Gpulling manifest [K
pulling 85e4a5b7b8ef:  31% ▕█████             ▏ 774 MB/2.5 GB   34 MB/s     49s[K[?25h[?2026l[?2026h[?25l[A[1Gpulling manifest [K
pulling 85e4a5b7b8ef:  31% ▕█████             ▏ 778 MB/2.5 GB   34 MB/s     49s[K[?25h[?2026l[?2026h[?25l[A[1Gpulling manifest [K
pulling 85e4a5b7b8ef:  31% ▕█████             ▏ 780 MB/2.5 GB   34 MB/s     49s[K[?25h[?2026l[?2026h[?25l[A[1Gpulling manifest [K
pulling 85e4a5b7b8ef:  31% ▕█████             ▏ 784 MB/2.5 GB   34 MB/s     49s[K[?25h[?2026l[?2026h[?25l[A[1Gpulling manifest [K
pulling 85e4a5b7b8ef:  32% ▕█████             ▏ 789 MB/2.5 GB   34 MB/s     48s[K[?25h[?2026l[?2026h[?25l[A[1Gpulling manifest [K
pulling 85e4a5b7b8ef:  32% ▕█████             ▏ 791 MB/2.5 GB   34 MB/s     48s[K[?25h[?2026l[?2026h[?25l[A[1Gpulling manifest [K
pulling 85e4a5b7b8ef:  32% ▕█████             ▏ 795 MB/2.5 GB   34 MB/s     48s[K[?25h[?2026l[?2026h[?25l[A[1Gpulling manifest [K
pulling 85e4a5b7b8ef:  32% ▕█████             ▏ 799 MB/2.5 GB   34 MB/s     48s[K[?25h[?2026l[?2026h[?25l[A[1Gpulling manifest [K
pulling 85e4a5b7b8ef:  32% ▕█████             ▏ 801 MB/2.5 GB   34 MB/s     48s[K[?25h[?2026l[?2026h[?25l[A[1Gpulling manifest [K
pulling 85e4a5b7b8ef:  32% ▕█████             ▏ 805 MB/2.5 GB   34 MB/s     48s[K[?25h[?2026l[?2026h[?25l[A[1Gpulling manifest [K
pulling 85e4a5b7b8ef:  32% ▕█████             ▏ 809 MB/2.5 GB   34 MB/s     48s[K[?25h[?2026l[?2026h[?25l[A[1Gpulling manifest [K
pulling 85e4a5b7b8ef:  33% ▕█████             ▏ 811 MB/2.5 GB   34 MB/s     48s[K[?25h[?2026l[?2026h[?25l[A[1Gpulling manifest [K
pulling 85e4a5b7b8ef:  33% ▕█████             ▏ 815 MB/2.5 GB   34 MB/s     48s[K[?25h[?2026l[?2026h[?25l[A[1Gpulling manifest [K
pulling 85e4a5b7b8ef:  33% ▕█████             ▏ 820 MB/2.5 GB   34 MB/s     47s[K[?25h[?2026l[?2026h[?25l[A[1Gpulling manifest [K
pulling 85e4a5b7b8ef:  33% ▕█████             ▏ 822 MB/2.5 GB   34 MB/s     47s[K[?25h[?2026l[?2026h[?25l[A[1Gpulling manifest [K
pulling 85e4a5b7b8ef:  33% ▕█████             ▏ 826 MB/2.5 GB   34 MB/s     47s[K[?25h[?2026l[?2026h[?25l[A[1Gpulling manifest [K
pulling 85e4a5b7b8ef:  33% ▕█████             ▏ 831 MB/2.5 GB   34 MB/s     47s[K[?25h[?2026l[?2026h[?25l[A[1Gpulling manifest [K
pulling 85e4a5b7b8ef:  33% ▕██████            ▏ 832 MB/2.5 GB   34 MB/s     47s[K[?25h[?2026l[?2026h[?25l[A[1Gpulling manifest [K
pulling 85e4a5b7b8ef:  34% ▕██████            ▏ 837 MB/2.5 GB   34 MB/s     47s[K[?25h[?2026l[?2026h[?25l[A[1Gpulling manifest [K
pulling 85e4a5b7b8ef:  34% ▕██████            ▏ 841 MB/2.5 GB   34 MB/s     47s[K[?25h[?2026l[?2026h[?25l[A[1Gpulling manifest [K
pulling 85e4a5b7b8ef:  34% ▕██████            ▏ 843 MB/2.5 GB   34 MB/s     47s[K[?25h[?2026l[?2026h[?25l[A[1Gpulling manifest [K
pulling 85e4a5b7b8ef:  34% ▕██████            ▏ 847 MB/2.5 GB   34 MB/s     47s[K[?25h[?2026l[?2026h[?25l[A[1Gpulling manifest [K
pulling 85e4a5b7b8ef:  34% ▕██████            ▏ 851 MB/2.5 GB   34 MB/s     47s[K[?25h[?2026l[?2026h[?25l[A[1Gpulling manifest [K
pulling 85e4a5b7b8ef:  34% ▕██████            ▏ 853 MB/2.5 GB   34 MB/s     47s[K[?25h[?2026l[?2026h[?25l[A[1Gpulling manifest [K
pulling 85e4a5b7b8ef:  34% ▕██████            ▏ 858 MB/2.5 GB   34 MB/s     46s[K[?25h[?2026l[?2026h[?25l[A[1Gpulling manifest [K
pulling 85e4a5b7b8ef:  35% ▕██████            ▏ 862 MB/2.5 GB   34 MB/s     46s[K[?25h[?2026l[?2026h[?25l[A[1Gpulling manifest [K
pulling 85e4a5b7b8ef:  35% ▕██████            ▏ 864 MB/2.5 GB   34 MB/s     46s[K[?25h[?2026l[?2026h[?25l[A[1Gpulling manifest [K
pulling 85e4a5b7b8ef:  35% ▕██████            ▏ 869 MB/2.5 GB   34 MB/s     46s[K[?25h[?2026l[?2026h[?25l[A[1Gpulling manifest [K
pulling 85e4a5b7b8ef:  35% ▕██████            ▏ 873 MB/2.5 GB   34 MB/s     46s[K[?25h[?2026l[?2026h[?25l[A[1Gpulling manifest [K
pulling 85e4a5b7b8ef:  35% ▕██████            ▏ 875 MB/2.5 GB   35 MB/s     46s[K[?25h[?2026l[?2026h[?25l[A[1Gpulling manifest [K
pulling 85e4a5b7b8ef:  35% ▕██████            ▏ 879 MB/2.5 GB   35 MB/s     46s[K[?25h[?2026l[?2026h[?25l[A[1Gpulling manifest [K
pulling 85e4a5b7b8ef:  35% ▕██████            ▏ 883 MB/2.5 GB   35 MB/s     46s[K[?25h[?2026l[?2026h[?25l[A[1Gpulling manifest [K
pulling 85e4a5b7b8ef:  35% ▕██████            ▏ 885 MB/2.5 GB   35 MB/s     45s[K[?25h[?2026l[?2026h[?25l[A[1Gpulling manifest [K
pulling 85e4a5b7b8ef:  36% ▕██████            ▏ 889 MB/2.5 GB   35 MB/s     45s[K[?25h[?2026l[?2026h[?25l[A[1Gpulling manifest [K
pulling 85e4a5b7b8ef:  36% ▕██████            ▏ 894 MB/2.5 GB   35 MB/s     45s[K[?25h[?2026l[?2026h[?25l[A[1Gpulling manifest [K
pulling 85e4a5b7b8ef:  36% ▕██████            ▏ 896 MB/2.5 GB   35 MB/s     45s[K[?25h[?2026l[?2026h[?25l[A[1Gpulling manifest [K
pulling 85e4a5b7b8ef:  36% ▕██████            ▏ 900 MB/2.5 GB   35 MB/s     45s[K[?25h[?2026l[?2026h[?25l[A[1Gpulling manifest [K
pulling 85e4a5b7b8ef:  36% ▕██████            ▏ 904 MB/2.5 GB   35 MB/s     45s[K[?25h[?2026l[?2026h[?25l[A[1Gpulling manifest [K
pulling 85e4a5b7b8ef:  36% ▕██████            ▏ 906 MB/2.5 GB   35 MB/s     45s[K[?25h[?2026l[?2026h[?25l[A[1Gpulling manifest [K
pulling 85e4a5b7b8ef:  36% ▕██████            ▏ 910 MB/2.5 GB   34 MB/s     45s[K[?25h[?2026l[?2026h[?25l[A[1Gpulling manifest [K
pulling 85e4a5b7b8ef:  37% ▕██████            ▏ 914 MB/2.5 GB   34 MB/s     45s[K[?25h[?2026l[?2026h[?25l[A[1Gpulling manifest [K
pulling 85e4a5b7b8ef:  37% ▕██████            ▏ 917 MB/2.5 GB   34 MB/s     45s[K[?25h[?2026l[?2026h[?25l[A[1Gpulling manifest [K
pulling 85e4a5b7b8ef:  37% ▕██████            ▏ 920 MB/2.5 GB   34 MB/s     45s[K[?25h[?2026l[?2026h[?25l[A[1Gpulling manifest [K
pulling 85e4a5b7b8ef:  37% ▕██████            ▏ 925 MB/2.5 GB   34 MB/s     44s[K[?25h[?2026l[?2026h[?25l[A[1Gpulling manifest [K
pulling 85e4a5b7b8ef:  37% ▕██████            ▏ 927 MB/2.5 GB   34 MB/s     44s[K[?25h[?2026l[?2026h[?25l[A[1Gpulling manifest [K
pulling 85e4a5b7b8ef:  37% ▕██████            ▏ 930 MB/2.5 GB   34 MB/s     44s[K[?25h[?2026l[?2026h[?25l[A[1Gpulling manifest [K
pulling 85e4a5b7b8ef:  37% ▕██████            ▏ 935 MB/2.5 GB   34 MB/s     44s[K[?25h[?2026l[?2026h[?25l[A[1Gpulling manifest [K
pulling 85e4a5b7b8ef:  38% ▕██████            ▏ 937 MB/2.5 GB   34 MB/s     44s[K[?25h[?2026l[?2026h[?25l[A[1Gpulling manifest [K
pulling 85e4a5b7b8ef:  38% ▕██████            ▏ 941 MB/2.5 GB   34 MB/s     44s[K[?25h[?2026l[?2026h[?25l[A[1Gpulling manifest [K
pulling 85e4a5b7b8ef:  38% ▕██████            ▏ 943 MB/2.5 GB   34 MB/s     44s[K[?25h[?2026l[?2026h[?25l[A[1Gpulling manifest [K
pulling 85e4a5b7b8ef:  38% ▕██████            ▏ 947 MB/2.5 GB   34 MB/s     44s[K[?25h[?2026l[?2026h[?25l[A[1Gpulling manifest [K
pulling 85e4a5b7b8ef:  38% ▕██████            ▏ 951 MB/2.5 GB   34 MB/s     44s[K[?25h[?2026l[?2026h[?25l[A[1Gpulling manifest [K
pulling 85e4a5b7b8ef:  38% ▕██████            ▏ 956 MB/2.5 GB   34 MB/s     44s[K[?25h[?2026l[?2026h[?25l[A[1Gpulling manifest [K
pulling 85e4a5b7b8ef:  38% ▕██████            ▏ 958 MB/2.5 GB   34 MB/s     44s[K[?25h[?2026l[?2026h[?25l[A[1Gpulling manifest [K
pulling 85e4a5b7b8ef:  39% ▕██████            ▏ 962 MB/2.5 GB   34 MB/s     43s[K[?25h[?2026l[?2026h[?25l[A[1Gpulling manifest [K
pulling 85e4a5b7b8ef:  39% ▕██████            ▏ 966 MB/2.5 GB   34 MB/s     43s[K[?25h[?2026l[?2026h[?25l[A[1Gpulling manifest [K
pulling 85e4a5b7b8ef:  39% ▕██████            ▏ 968 MB/2.5 GB   34 MB/s     43s[K[?25h[?2026l[?2026h[?25l[A[1Gpulling manifest [K
pulling 85e4a5b7b8ef:  39% ▕███████           ▏ 972 MB/2.5 GB   34 MB/s     43s[K[?25h[?2026l[?2026h[?25l[A[1Gpulling manifest [K
pulling 85e4a5b7b8ef:  39% ▕███████           ▏ 976 MB/2.5 GB   34 MB/s     43s[K[?25h[?2026l[?2026h[?25l[A[1Gpulling manifest [K
pulling 85e4a5b7b8ef:  39% ▕███████           ▏ 979 MB/2.5 GB   34 MB/s     43s[K[?25h[?2026l[?2026h[?25l[A[1Gpulling manifest [K
pulling 85e4a5b7b8ef:  39% ▕███████           ▏ 983 MB/2.5 GB   34 MB/s     43s[K[?25h[?2026l[?2026h[?25l[A[1Gpulling manifest [K
pulling 85e4a5b7b8ef:  40% ▕███████           ▏ 987 MB/2.5 GB   34 MB/s     43s[K[?25h[?2026l[?2026h[?25l[A[1Gpulling manifest [K
pulling 85e4a5b7b8ef:  40% ▕███████           ▏ 989 MB/2.5 GB   34 MB/s     43s[K[?25h[?2026l[?2026h[?25l[A[1Gpulling manifest [K
pulling 85e4a5b7b8ef:  40% ▕███████           ▏ 993 MB/2.5 GB   34 MB/s     43s[K[?25h[?2026l[?2026h[?25l[A[1Gpulling manifest [K
pulling 85e4a5b7b8ef:  40% ▕███████           ▏ 998 MB/2.5 GB   34 MB/s     42s[K[?25h[?2026l[?2026h[?25l[A[1Gpulling manifest [K
pulling 85e4a5b7b8ef:  40% ▕███████           ▏ 1.0 GB/2.5 GB   34 MB/s     42s[K[?25h[?2026l[?2026h[?25l[A[1Gpulling manifest [K
pulling 85e4a5b7b8ef:  40% ▕███████           ▏ 1.0 GB/2.5 GB   34 MB/s     42s[K[?25h[?2026l[?2026h[?25l[A[1Gpulling manifest [K
pulling 85e4a5b7b8ef:  40% ▕███████           ▏ 1.0 GB/2.5 GB   34 MB/s     42s[K[?25h[?2026l[?2026h[?25l[A[1Gpulling manifest [K
pulling 85e4a5b7b8ef:  40% ▕███████           ▏ 1.0 GB/2.5 GB   34 MB/s     42s[K[?25h[?2026l[?2026h[?25l[A[1Gpulling manifest [K
pulling 85e4a5b7b8ef:  41% ▕███████           ▏ 1.0 GB/2.5 GB   34 MB/s     42s[K[?25h[?2026l[?2026h[?25l[A[1Gpulling manifest [K
pulling 85e4a5b7b8ef:  41% ▕███████           ▏ 1.0 GB/2.5 GB   35 MB/s     41s[K[?25h[?2026l[?2026h[?25l[A[1Gpulling manifest [K
pulling 85e4a5b7b8ef:  41% ▕███████           ▏ 1.0 GB/2.5 GB   35 MB/s     41s[K[?25h[?2026l[?2026h[?25l[A[1Gpulling manifest [K
pulling 85e4a5b7b8ef:  41% ▕███████           ▏ 1.0 GB/2.5 GB   35 MB/s     41s[K[?25h[?2026l[?2026h[?25l[A[1Gpulling manifest [K
pulling 85e4a5b7b8ef:  41% ▕███████           ▏ 1.0 GB/2.5 GB   35 MB/s     41s[K[?25h[?2026l[?2026h[?25l[A[1Gpulling manifest [K
pulling 85e4a5b7b8ef:  41% ▕███████           ▏ 1.0 GB/2.5 GB   35 MB/s     41s[K[?25h[?2026l[?2026h[?25l[A[1Gpulling manifest [K
pulling 85e4a5b7b8ef:  41% ▕███████           ▏ 1.0 GB/2.5 GB   35 MB/s     41s[K[?25h[?2026l[?2026h[?25l[A[1Gpulling manifest [K
pulling 85e4a5b7b8ef:  42% ▕███████           ▏ 1.0 GB/2.5 GB   35 MB/s     41s[K[?25h[?2026l[?2026h[?25l[A[1Gpulling manifest [K
pulling 85e4a5b7b8ef:  42% ▕███████           ▏ 1.0 GB/2.5 GB   35 MB/s     40s[K[?25h[?2026l[?2026h[?25l[A[1Gpulling manifest [K
pulling 85e4a5b7b8ef:  42% ▕███████           ▏ 1.0 GB/2.5 GB   35 MB/s     40s[K[?25h[?2026l[?2026h[?25l[A[1Gpulling manifest [K
pulling 85e4a5b7b8ef:  42% ▕███████           ▏ 1.0 GB/2.5 GB   35 MB/s     40s[K[?25h[?2026l[?2026h[?25l[A[1Gpulling manifest [K
pulling 85e4a5b7b8ef:  42% ▕███████           ▏ 1.0 GB/2.5 GB   34 MB/s     41s[K[?25h[?2026l[?2026h[?25l[A[1Gpulling manifest [K
pulling 85e4a5b7b8ef:  42% ▕███████           ▏ 1.1 GB/2.5 GB   34 MB/s     41s[K[?25h[?2026l[?2026h[?25l[A[1Gpulling manifest [K
pulling 85e4a5b7b8ef:  42% ▕███████           ▏ 1.1 GB/2.5 GB   34 MB/s     41s[K[?25h[?2026l[?2026h[?25l[A[1Gpulling manifest [K
pulling 85e4a5b7b8ef:  42% ▕███████           ▏ 1.1 GB/2.5 GB   34 MB/s     41s[K[?25h[?2026l[?2026h[?25l[A[1Gpulling manifest [K
pulling 85e4a5b7b8ef:  42% ▕███████           ▏ 1.1 GB/2.5 GB   34 MB/s     41s[K[?25h[?2026l[?2026h[?25l[A[1Gpulling manifest [K
pulling 85e4a5b7b8ef:  43% ▕███████           ▏ 1.1 GB/2.5 GB   34 MB/s     41s[K[?25h[?2026l[?2026h[?25l[A[1Gpulling manifest [K
pulling 85e4a5b7b8ef:  43% ▕███████           ▏ 1.1 GB/2.5 GB   34 MB/s     40s[K[?25h[?2026l[?2026h[?25l[A[1Gpulling manifest [K
pulling 85e4a5b7b8ef:  43% ▕███████           ▏ 1.1 GB/2.5 GB   34 MB/s     40s[K[?25h[?2026l[?2026h[?25l[A[1Gpulling manifest [K
pulling 85e4a5b7b8ef:  43% ▕███████           ▏ 1.1 GB/2.5 GB   34 MB/s     40s[K[?25h[?2026l[?2026h[?25l[A[1Gpulling manifest [K
pulling 85e4a5b7b8ef:  43% ▕███████           ▏ 1.1 GB/2.5 GB   34 MB/s     40s[K[?25h[?2026l[?2026h[?25l[A[1Gpulling manifest [K
pulling 85e4a5b7b8ef:  43% ▕███████           ▏ 1.1 GB/2.5 GB   34 MB/s     40s[K[?25h[?2026l[?2026h[?25l[A[1Gpulling manifest [K
pulling 85e4a5b7b8ef:  43% ▕███████           ▏ 1.1 GB/2.5 GB   34 MB/s     40s[K[?25h[?2026l[?2026h[?25l[A[1Gpulling manifest [K
pulling 85e4a5b7b8ef:  43% ▕███████           ▏ 1.1 GB/2.5 GB   34 MB/s     40s[K[?25h[?2026l[?2026h[?25l[A[1Gpulling manifest [K
pulling 85e4a5b7b8ef:  43% ▕███████           ▏ 1.1 GB/2.5 GB   34 MB/s     40s[K[?25h[?2026l[?2026h[?25l[A[1Gpulling manifest [K
pulling 85e4a5b7b8ef:  43% ▕███████           ▏ 1.1 GB/2.5 GB   34 MB/s     40s[K[?25h[?2026l[?2026h[?25l[A[1Gpulling manifest [K
pulling 85e4a5b7b8ef:  44% ▕███████           ▏ 1.1 GB/2.5 GB   34 MB/s     40s[K[?25h[?2026l[?2026h[?25l[A[1Gpulling manifest [K
pulling 85e4a5b7b8ef:  44% ▕███████           ▏ 1.1 GB/2.5 GB   34 MB/s     40s[K[?25h[?2026l[?2026h[?25l[A[1Gpulling manifest [K
pulling 85e4a5b7b8ef:  44% ▕███████           ▏ 1.1 GB/2.5 GB   34 MB/s     40s[K[?25h[?2026l[?2026h[?25l[A[1Gpulling manifest [K
pulling 85e4a5b7b8ef:  44% ▕███████           ▏ 1.1 GB/2.5 GB   34 MB/s     40s[K[?25h[?2026l[?2026h[?25l[A[1Gpulling manifest [K
pulling 85e4a5b7b8ef:  44% ▕███████           ▏ 1.1 GB/2.5 GB   34 MB/s     40s[K[?25h[?2026l[?2026h[?25l[A[1Gpulling manifest [K
pulling 85e4a5b7b8ef:  44% ▕███████           ▏ 1.1 GB/2.5 GB   32 MB/s     42s[K[?25h[?2026l[?2026h[?25l[A[1Gpulling manifest [K
pulling 85e4a5b7b8ef:  44% ▕███████           ▏ 1.1 GB/2.5 GB   32 MB/s     42s[K[?25h[?2026l[?2026h[?25l[A[1Gpulling manifest [K
pulling 85e4a5b7b8ef:  44% ▕███████           ▏ 1.1 GB/2.5 GB   32 MB/s     42s[K[?25h[?2026l[?2026h[?25l[A[1Gpulling manifest [K
pulling 85e4a5b7b8ef:  44% ▕███████           ▏ 1.1 GB/2.5 GB   32 MB/s     42s[K[?25h[?2026l[?2026h[?25l[A[1Gpulling manifest [K
pulling 85e4a5b7b8ef:  44% ▕███████           ▏ 1.1 GB/2.5 GB   32 MB/s     42s[K[?25h[?2026l[?2026h[?25l[A[1Gpulling manifest [K
pulling 85e4a5b7b8ef:  44% ▕███████           ▏ 1.1 GB/2.5 GB   32 MB/s     42s[K[?25h[?2026l[?2026h[?25l[A[1Gpulling manifest [K
pulling 85e4a5b7b8ef:  44% ▕███████           ▏ 1.1 GB/2.5 GB   32 MB/s     42s[K[?25h[?2026l[?2026h[?25l[A[1Gpulling manifest [K
pulling 85e4a5b7b8ef:  44% ▕███████           ▏ 1.1 GB/2.5 GB   32 MB/s     42s[K[?25h[?2026l[?2026h[?25l[A[1Gpulling manifest [K
pulling 85e4a5b7b8ef:  44% ▕███████           ▏ 1.1 GB/2.5 GB   32 MB/s     42s[K[?25h[?2026l[?2026h[?25l[A[1Gpulling manifest [K
pulling 85e4a5b7b8ef:  44% ▕████████          ▏ 1.1 GB/2.5 GB   32 MB/s     42s[K[?25h[?2026l[?2026h[?25l[A[1Gpulling manifest [K
pulling 85e4a5b7b8ef:  45% ▕████████          ▏ 1.1 GB/2.5 GB   32 MB/s     42s[K[?25h[?2026l[?2026h[?25l[A[1Gpulling manifest [K
pulling 85e4a5b7b8ef:  45% ▕████████          ▏ 1.1 GB/2.5 GB   30 MB/s     45s[K[?25h[?2026l[?2026h[?25l[A[1Gpulling manifest [K
pulling 85e4a5b7b8ef:  45% ▕████████          ▏ 1.1 GB/2.5 GB   30 MB/s     45s[K[?25h[?2026l[?2026h[?25l[A[1Gpulling manifest [K
pulling 85e4a5b7b8ef:  45% ▕████████          ▏ 1.1 GB/2.5 GB   30 MB/s     45s[K[?25h[?2026l[?2026h[?25l[A[1Gpulling manifest [K
pulling 85e4a5b7b8ef:  45% ▕████████          ▏ 1.1 GB/2.5 GB   30 MB/s     45s[K[?25h[?2026l[?2026h[?25l[A[1Gpulling manifest [K
pulling 85e4a5b7b8ef:  45% ▕████████          ▏ 1.1 GB/2.5 GB   30 MB/s     45s[K[?25h[?2026l[?2026h[?25l[A[1Gpulling manifest [K
pulling 85e4a5b7b8ef:  45% ▕████████          ▏ 1.1 GB/2.5 GB   30 MB/s     45s[K[?25h[?2026l[?2026h[?25l[A[1Gpulling manifest [K
pulling 85e4a5b7b8ef:  45% ▕████████          ▏ 1.1 GB/2.5 GB   30 MB/s     45s[K[?25h[?2026l[?2026h[?25l[A[1Gpulling manifest [K
pulling 85e4a5b7b8ef:  45% ▕████████          ▏ 1.1 GB/2.5 GB   30 MB/s     44s[K[?25h[?2026l[?2026h[?25l[A[1Gpulling manifest [K
pulling 85e4a5b7b8ef:  45% ▕████████          ▏ 1.1 GB/2.5 GB   30 MB/s     44s[K[?25h[?2026l[?2026h[?25l[A[1Gpulling manifest [K
pulling 85e4a5b7b8ef:  45% ▕████████          ▏ 1.1 GB/2.5 GB   30 MB/s     44s[K[?25h[?2026l[?2026h[?25l[A[1Gpulling manifest [K
pulling 85e4a5b7b8ef:  46% ▕████████          ▏ 1.1 GB/2.5 GB   28 MB/s     46s[K[?25h[?2026l[?2026h[?25l[A[1Gpulling manifest [K
pulling 85e4a5b7b8ef:  46% ▕████████          ▏ 1.1 GB/2.5 GB   28 MB/s     46s[K[?25h[?2026l[?2026h[?25l[A[1Gpulling manifest [K
pulling 85e4a5b7b8ef:  46% ▕████████          ▏ 1.1 GB/2.5 GB   28 MB/s     46s[K[?25h[?2026l[?2026h[?25l[A[1Gpulling manifest [K
pulling 85e4a5b7b8ef:  46% ▕████████          ▏ 1.1 GB/2.5 GB   28 MB/s     46s[K[?25h[?2026l[?2026h[?25l[A[1Gpulling manifest [K
pulling 85e4a5b7b8ef:  46% ▕████████          ▏ 1.2 GB/2.5 GB   28 MB/s     46s[K[?25h[?2026l[?2026h[?25l[A[1Gpulling manifest [K
pulling 85e4a5b7b8ef:  46% ▕████████          ▏ 1.2 GB/2.5 GB   28 MB/s     46s[K[?25h[?2026l[?2026h[?25l[A[1Gpulling manifest [K
pulling 85e4a5b7b8ef:  46% ▕████████          ▏ 1.2 GB/2.5 GB   28 MB/s     46s[K[?25h[?2026l[?2026h[?25l[A[1Gpulling manifest [K
pulling 85e4a5b7b8ef:  46% ▕████████          ▏ 1.2 GB/2.5 GB   28 MB/s     46s[K[?25h[?2026l[?2026h[?25l[A[1Gpulling manifest [K
pulling 85e4a5b7b8ef:  47% ▕████████          ▏ 1.2 GB/2.5 GB   28 MB/s     45s[K[?25h[?2026l[?2026h[?25l[A[1Gpulling manifest [K
pulling 85e4a5b7b8ef:  47% ▕████████          ▏ 1.2 GB/2.5 GB   28 MB/s     45s[K[?25h[?2026l[?2026h[?25l[A[1Gpulling manifest [K
pulling 85e4a5b7b8ef:  47% ▕████████          ▏ 1.2 GB/2.5 GB   28 MB/s     45s[K[?25h[?2026l[?2026h[?25l[A[1Gpulling manifest [K
pulling 85e4a5b7b8ef:  47% ▕████████          ▏ 1.2 GB/2.5 GB   28 MB/s     45s[K[?25h[?2026l[?2026h[?25l[A[1Gpulling manifest [K
pulling 85e4a5b7b8ef:  47% ▕████████          ▏ 1.2 GB/2.5 GB   28 MB/s     45s[K[?25h[?2026l[?2026h[?25l[A[1Gpulling manifest [K
pulling 85e4a5b7b8ef:  47% ▕████████          ▏ 1.2 GB/2.5 GB   28 MB/s     45s[K[?25h[?2026l[?2026h[?25l[A[1Gpulling manifest [K
pulling 85e4a5b7b8ef:  47% ▕████████          ▏ 1.2 GB/2.5 GB   28 MB/s     45s[K[?25h[?2026l[?2026h[?25l[A[1Gpulling manifest [K
pulling 85e4a5b7b8ef:  48% ▕████████          ▏ 1.2 GB/2.5 GB   28 MB/s     45s[K[?25h[?2026l[?2026h[?25l[A[1Gpulling manifest [K
pulling 85e4a5b7b8ef:  48% ▕████████          ▏ 1.2 GB/2.5 GB   28 MB/s     45s[K[?25h[?2026l[?2026h[?25l[A[1Gpulling manifest [K
pulling 85e4a5b7b8ef:  48% ▕████████          ▏ 1.2 GB/2.5 GB   28 MB/s     45s[K[?25h[?2026l[?2026h[?25l[A[1Gpulling manifest [K
pulling 85e4a5b7b8ef:  48% ▕████████          ▏ 1.2 GB/2.5 GB   28 MB/s     44s[K[?25h[?2026l[?2026h[?25l[A[1Gpulling manifest [K
pulling 85e4a5b7b8ef:  48% ▕████████          ▏ 1.2 GB/2.5 GB   28 MB/s     44s[K[?25h[?2026l[?2026h[?25l[A[1Gpulling manifest [K
pulling 85e4a5b7b8ef:  48% ▕████████          ▏ 1.2 GB/2.5 GB   28 MB/s     44s[K[?25h[?2026l[?2026h[?25l[A[1Gpulling manifest [K
pulling 85e4a5b7b8ef:  48% ▕████████          ▏ 1.2 GB/2.5 GB   28 MB/s     44s[K[?25h[?2026l[?2026h[?25l[A[1Gpulling manifest [K
pulling 85e4a5b7b8ef:  49% ▕████████          ▏ 1.2 GB/2.5 GB   28 MB/s     44s[K[?25h[?2026l[?2026h[?25l[A[1Gpulling manifest [K
pulling 85e4a5b7b8ef:  49% ▕████████          ▏ 1.2 GB/2.5 GB   28 MB/s     44s[K[?25h[?2026l[?2026h[?25l[A[1Gpulling manifest [K
pulling 85e4a5b7b8ef:  49% ▕████████          ▏ 1.2 GB/2.5 GB   28 MB/s     44s[K[?25h[?2026l[?2026h[?25l[A[1Gpulling manifest [K
pulling 85e4a5b7b8ef:  49% ▕████████          ▏ 1.2 GB/2.5 GB   28 MB/s     43s[K[?25h[?2026l[?2026h[?25l[A[1Gpulling manifest [K
pulling 85e4a5b7b8ef:  49% ▕████████          ▏ 1.2 GB/2.5 GB   28 MB/s     43s[K[?25h[?2026l[?2026h[?25l[A[1Gpulling manifest [K
pulling 85e4a5b7b8ef:  49% ▕████████          ▏ 1.2 GB/2.5 GB   28 MB/s     43s[K[?25h[?2026l[?2026h[?25l[A[1Gpulling manifest [K
pulling 85e4a5b7b8ef:  49% ▕████████          ▏ 1.2 GB/2.5 GB   28 MB/s     43s[K[?25h[?2026l[?2026h[?25l[A[1Gpulling manifest [K
pulling 85e4a5b7b8ef:  50% ▕████████          ▏ 1.2 GB/2.5 GB   28 MB/s     43s[K[?25h[?2026l[?2026h[?25l[A[1Gpulling manifest [K
pulling 85e4a5b7b8ef:  50% ▕████████          ▏ 1.2 GB/2.5 GB   29 MB/s     43s[K[?25h[?2026l[?2026h[?25l[A[1Gpulling manifest [K
pulling 85e4a5b7b8ef:  50% ▕████████          ▏ 1.2 GB/2.5 GB   29 MB/s     43s[K[?25h[?2026l[?2026h[?25l[A[1Gpulling manifest [K
pulling 85e4a5b7b8ef:  50% ▕████████          ▏ 1.2 GB/2.5 GB   29 MB/s     43s[K[?25h[?2026l[?2026h[?25l[A[1Gpulling manifest [K
pulling 85e4a5b7b8ef:  50% ▕█████████         ▏ 1.3 GB/2.5 GB   29 MB/s     42s[K[?25h[?2026l[?2026h[?25l[A[1Gpulling manifest [K
pulling 85e4a5b7b8ef:  50% ▕█████████         ▏ 1.3 GB/2.5 GB   29 MB/s     42s[K[?25h[?2026l[?2026h[?25l[A[1Gpulling manifest [K
pulling 85e4a5b7b8ef:  50% ▕█████████         ▏ 1.3 GB/2.5 GB   29 MB/s     42s[K[?25h[?2026l[?2026h[?25l[A[1Gpulling manifest [K
pulling 85e4a5b7b8ef:  51% ▕█████████         ▏ 1.3 GB/2.5 GB   29 MB/s     42s[K[?25h[?2026l[?2026h[?25l[A[1Gpulling manifest [K
pulling 85e4a5b7b8ef:  51% ▕█████████         ▏ 1.3 GB/2.5 GB   29 MB/s     42s[K[?25h[?2026l[?2026h[?25l[A[1Gpulling manifest [K
pulling 85e4a5b7b8ef:  51% ▕█████████         ▏ 1.3 GB/2.5 GB   29 MB/s     42s[K[?25h[?2026l[?2026h[?25l[A[1Gpulling manifest [K
pulling 85e4a5b7b8ef:  51% ▕█████████         ▏ 1.3 GB/2.5 GB   29 MB/s     42s[K[?25h[?2026l[?2026h[?25l[A[1Gpulling manifest [K
pulling 85e4a5b7b8ef:  51% ▕█████████         ▏ 1.3 GB/2.5 GB   29 MB/s     42s[K[?25h[?2026l[?2026h[?25l[A[1Gpulling manifest [K
pulling 85e4a5b7b8ef:  51% ▕█████████         ▏ 1.3 GB/2.5 GB   29 MB/s     41s[K[?25h[?2026l[?2026h[?25l[A[1Gpulling manifest [K
pulling 85e4a5b7b8ef:  51% ▕█████████         ▏ 1.3 GB/2.5 GB   29 MB/s     41s[K[?25h[?2026l[?2026h[?25l[A[1Gpulling manifest [K
pulling 85e4a5b7b8ef:  51% ▕█████████         ▏ 1.3 GB/2.5 GB   29 MB/s     41s[K[?25h[?2026l[?2026h[?25l[A[1Gpulling manifest [K
pulling 85e4a5b7b8ef:  52% ▕█████████         ▏ 1.3 GB/2.5 GB   29 MB/s     41s[K[?25h[?2026l[?2026h[?25l[A[1Gpulling manifest [K
pulling 85e4a5b7b8ef:  52% ▕█████████         ▏ 1.3 GB/2.5 GB   29 MB/s     41s[K[?25h[?2026l[?2026h[?25l[A[1Gpulling manifest [K
pulling 85e4a5b7b8ef:  52% ▕█████████         ▏ 1.3 GB/2.5 GB   29 MB/s     41s[K[?25h[?2026l[?2026h[?25l[A[1Gpulling manifest [K
pulling 85e4a5b7b8ef:  52% ▕█████████         ▏ 1.3 GB/2.5 GB   29 MB/s     41s[K[?25h[?2026l[?2026h[?25l[A[1Gpulling manifest [K
pulling 85e4a5b7b8ef:  52% ▕█████████         ▏ 1.3 GB/2.5 GB   29 MB/s     41s[K[?25h[?2026l[?2026h[?25l[A[1Gpulling manifest [K
pulling 85e4a5b7b8ef:  52% ▕█████████         ▏ 1.3 GB/2.5 GB   29 MB/s     41s[K[?25h[?2026l[?2026h[?25l[A[1Gpulling manifest [K
pulling 85e4a5b7b8ef:  52% ▕█████████         ▏ 1.3 GB/2.5 GB   29 MB/s     40s[K[?25h[?2026l[?2026h[?25l[A[1Gpulling manifest [K
pulling 85e4a5b7b8ef:  53% ▕█████████         ▏ 1.3 GB/2.5 GB   29 MB/s     39s[K[?25h[?2026l[?2026h[?25l[A[1Gpulling manifest [K
pulling 85e4a5b7b8ef:  53% ▕█████████         ▏ 1.3 GB/2.5 GB   29 MB/s     39s[K[?25h[?2026l[?2026h[?25l[A[1Gpulling manifest [K
pulling 85e4a5b7b8ef:  53% ▕█████████         ▏ 1.3 GB/2.5 GB   29 MB/s     39s[K[?25h[?2026l[?2026h[?25l[A[1Gpulling manifest [K
pulling 85e4a5b7b8ef:  53% ▕█████████         ▏ 1.3 GB/2.5 GB   29 MB/s     39s[K[?25h[?2026l[?2026h[?25l[A[1Gpulling manifest [K
pulling 85e4a5b7b8ef:  53% ▕█████████         ▏ 1.3 GB/2.5 GB   29 MB/s     39s[K[?25h[?2026l[?2026h[?25l[A[1Gpulling manifest [K
pulling 85e4a5b7b8ef:  53% ▕█████████         ▏ 1.3 GB/2.5 GB   29 MB/s     39s[K[?25h[?2026l[?2026h[?25l[A[1Gpulling manifest [K
pulling 85e4a5b7b8ef:  54% ▕█████████         ▏ 1.3 GB/2.5 GB   29 MB/s     39s[K[?25h[?2026l[?2026h[?25l[A[1Gpulling manifest [K
pulling 85e4a5b7b8ef:  54% ▕█████████         ▏ 1.3 GB/2.5 GB   29 MB/s     39s[K[?25h[?2026l[?2026h[?25l[A[1Gpulling manifest [K
pulling 85e4a5b7b8ef:  54% ▕█████████         ▏ 1.3 GB/2.5 GB   29 MB/s     38s[K[?25h[?2026l[?2026h[?25l[A[1Gpulling manifest [K
pulling 85e4a5b7b8ef:  54% ▕█████████         ▏ 1.3 GB/2.5 GB   29 MB/s     38s[K[?25h[?2026l[?2026h[?25l[A[1Gpulling manifest [K
pulling 85e4a5b7b8ef:  54% ▕█████████         ▏ 1.3 GB/2.5 GB   29 MB/s     39s[K[?25h[?2026l[?2026h[?25l[A[1Gpulling manifest [K
pulling 85e4a5b7b8ef:  54% ▕█████████         ▏ 1.3 GB/2.5 GB   29 MB/s     39s[K[?25h[?2026l[?2026h[?25l[A[1Gpulling manifest [K
pulling 85e4a5b7b8ef:  54% ▕█████████         ▏ 1.4 GB/2.5 GB   29 MB/s     39s[K[?25h[?2026l[?2026h[?25l[A[1Gpulling manifest [K
pulling 85e4a5b7b8ef:  54% ▕█████████         ▏ 1.4 GB/2.5 GB   29 MB/s     39s[K[?25h[?2026l[?2026h[?25l[A[1Gpulling manifest [K
pulling 85e4a5b7b8ef:  54% ▕█████████         ▏ 1.4 GB/2.5 GB   29 MB/s     39s[K[?25h[?2026l[?2026h[?25l[A[1Gpulling manifest [K
pulling 85e4a5b7b8ef:  55% ▕█████████         ▏ 1.4 GB/2.5 GB   29 MB/s     38s[K[?25h[?2026l[?2026h[?25l[A[1Gpulling manifest [K
pulling 85e4a5b7b8ef:  55% ▕█████████         ▏ 1.4 GB/2.5 GB   29 MB/s     38s[K[?25h[?2026l[?2026h[?25l[A[1Gpulling manifest [K
pulling 85e4a5b7b8ef:  55% ▕█████████         ▏ 1.4 GB/2.5 GB   29 MB/s     38s[K[?25h[?2026l[?2026h[?25l[A[1Gpulling manifest [K
pulling 85e4a5b7b8ef:  55% ▕█████████         ▏ 1.4 GB/2.5 GB   29 MB/s     38s[K[?25h[?2026l[?2026h[?25l[A[1Gpulling manifest [K
pulling 85e4a5b7b8ef:  55% ▕█████████         ▏ 1.4 GB/2.5 GB   29 MB/s     38s[K[?25h[?2026l[?2026h[?25l[A[1Gpulling manifest [K
pulling 85e4a5b7b8ef:  55% ▕█████████         ▏ 1.4 GB/2.5 GB   31 MB/s     35s[K[?25h[?2026l[?2026h[?25l[A[1Gpulling manifest [K
pulling 85e4a5b7b8ef:  55% ▕█████████         ▏ 1.4 GB/2.5 GB   31 MB/s     35s[K[?25h[?2026l[?2026h[?25l[A[1Gpulling manifest [K
pulling 85e4a5b7b8ef:  55% ▕█████████         ▏ 1.4 GB/2.5 GB   31 MB/s     35s[K[?25h[?2026l[?2026h[?25l[A[1Gpulling manifest [K
pulling 85e4a5b7b8ef:  56% ▕██████████        ▏ 1.4 GB/2.5 GB   31 MB/s     35s[K[?25h[?2026l[?2026h[?25l[A[1Gpulling manifest [K
pulling 85e4a5b7b8ef:  56% ▕██████████        ▏ 1.4 GB/2.5 GB   31 MB/s     35s[K[?25h[?2026l[?2026h[?25l[A[1Gpulling manifest [K
pulling 85e4a5b7b8ef:  56% ▕██████████        ▏ 1.4 GB/2.5 GB   31 MB/s     35s[K[?25h[?2026l[?2026h[?25l[A[1Gpulling manifest [K
pulling 85e4a5b7b8ef:  56% ▕██████████        ▏ 1.4 GB/2.5 GB   31 MB/s     35s[K[?25h[?2026l[?2026h[?25l[A[1Gpulling manifest [K
pulling 85e4a5b7b8ef:  56% ▕██████████        ▏ 1.4 GB/2.5 GB   31 MB/s     35s[K[?25h[?2026l[?2026h[?25l[A[1Gpulling manifest [K
pulling 85e4a5b7b8ef:  56% ▕██████████        ▏ 1.4 GB/2.5 GB   31 MB/s     35s[K[?25h[?2026l[?2026h[?25l[A[1Gpulling manifest [K
pulling 85e4a5b7b8ef:  56% ▕██████████        ▏ 1.4 GB/2.5 GB   31 MB/s     34s[K[?25h[?2026l[?2026h[?25l[A[1Gpulling manifest [K
pulling 85e4a5b7b8ef:  57% ▕██████████        ▏ 1.4 GB/2.5 GB   33 MB/s     32s[K[?25h[?2026l[?2026h[?25l[A[1Gpulling manifest [K
pulling 85e4a5b7b8ef:  57% ▕██████████        ▏ 1.4 GB/2.5 GB   33 MB/s     32s[K[?25h[?2026l[?2026h[?25l[A[1Gpulling manifest [K
pulling 85e4a5b7b8ef:  57% ▕██████████        ▏ 1.4 GB/2.5 GB   33 MB/s     32s[K[?25h[?2026l[?2026h[?25l[A[1Gpulling manifest [K
pulling 85e4a5b7b8ef:  57% ▕██████████        ▏ 1.4 GB/2.5 GB   33 MB/s     32s[K[?25h[?2026l[?2026h[?25l[A[1Gpulling manifest [K
pulling 85e4a5b7b8ef:  57% ▕██████████        ▏ 1.4 GB/2.5 GB   33 MB/s     31s[K[?25h[?2026l[?2026h[?25l[A[1Gpulling manifest [K
pulling 85e4a5b7b8ef:  57% ▕██████████        ▏ 1.4 GB/2.5 GB   33 MB/s     31s[K[?25h[?2026l[?2026h[?25l[A[1Gpulling manifest [K
pulling 85e4a5b7b8ef:  57% ▕██████████        ▏ 1.4 GB/2.5 GB   33 MB/s     31s[K[?25h[?2026l[?2026h[?25l[A[1Gpulling manifest [K
pulling 85e4a5b7b8ef:  58% ▕██████████        ▏ 1.4 GB/2.5 GB   33 MB/s     31s[K[?25h[?2026l[?2026h[?25l[A[1Gpulling manifest [K
pulling 85e4a5b7b8ef:  58% ▕██████████        ▏ 1.4 GB/2.5 GB   33 MB/s     31s[K[?25h[?2026l[?2026h[?25l[A[1Gpulling manifest [K
pulling 85e4a5b7b8ef:  58% ▕██████████        ▏ 1.4 GB/2.5 GB   33 MB/s     31s[K[?25h[?2026l[?2026h[?25l[A[1Gpulling manifest [K
pulling 85e4a5b7b8ef:  58% ▕██████████        ▏ 1.4 GB/2.5 GB   33 MB/s     31s[K[?25h[?2026l[?2026h[?25l[A[1Gpulling manifest [K
pulling 85e4a5b7b8ef:  58% ▕██████████        ▏ 1.5 GB/2.5 GB   34 MB/s     29s[K[?25h[?2026l[?2026h[?25l[A[1Gpulling manifest [K
pulling 85e4a5b7b8ef:  58% ▕██████████        ▏ 1.5 GB/2.5 GB   34 MB/s     29s[K[?25h[?2026l[?2026h[?25l[A[1Gpulling manifest [K
pulling 85e4a5b7b8ef:  58% ▕██████████        ▏ 1.5 GB/2.5 GB   34 MB/s     29s[K[?25h[?2026l[?2026h[?25l[A[1Gpulling manifest [K
pulling 85e4a5b7b8ef:  59% ▕██████████        ▏ 1.5 GB/2.5 GB   34 MB/s     29s[K[?25h[?2026l[?2026h[?25l[A[1Gpulling manifest [K
pulling 85e4a5b7b8ef:  59% ▕██████████        ▏ 1.5 GB/2.5 GB   34 MB/s     29s[K[?25h[?2026l[?2026h[?25l[A[1Gpulling manifest [K
pulling 85e4a5b7b8ef:  59% ▕██████████        ▏ 1.5 GB/2.5 GB   34 MB/s     29s[K[?25h[?2026l[?2026h[?25l[A[1Gpulling manifest [K
pulling 85e4a5b7b8ef:  59% ▕██████████        ▏ 1.5 GB/2.5 GB   34 MB/s     29s[K[?25h[?2026l[?2026h[?25l[A[1Gpulling manifest [K
pulling 85e4a5b7b8ef:  59% ▕██████████        ▏ 1.5 GB/2.5 GB   34 MB/s     29s[K[?25h[?2026l[?2026h[?25l[A[1Gpulling manifest [K
pulling 85e4a5b7b8ef:  59% ▕██████████        ▏ 1.5 GB/2.5 GB   34 MB/s     29s[K[?25h[?2026l[?2026h[?25l[A[1Gpulling manifest [K
pulling 85e4a5b7b8ef:  59% ▕██████████        ▏ 1.5 GB/2.5 GB   34 MB/s     29s[K[?25h[?2026l[?2026h[?25l[A[1Gpulling manifest [K
pulling 85e4a5b7b8ef:  60% ▕██████████        ▏ 1.5 GB/2.5 GB   34 MB/s     28s[K[?25h[?2026l[?2026h[?25l[A[1Gpulling manifest [K
pulling 85e4a5b7b8ef:  60% ▕██████████        ▏ 1.5 GB/2.5 GB   34 MB/s     28s[K[?25h[?2026l[?2026h[?25l[A[1Gpulling manifest [K
pulling 85e4a5b7b8ef:  60% ▕██████████        ▏ 1.5 GB/2.5 GB   34 MB/s     28s[K[?25h[?2026l[?2026h[?25l[A[1Gpulling manifest [K
pulling 85e4a5b7b8ef:  60% ▕██████████        ▏ 1.5 GB/2.5 GB   34 MB/s     28s[K[?25h[?2026l[?2026h[?25l[A[1Gpulling manifest [K
pulling 85e4a5b7b8ef:  60% ▕██████████        ▏ 1.5 GB/2.5 GB   34 MB/s     28s[K[?25h[?2026l[?2026h[?25l[A[1Gpulling manifest [K
pulling 85e4a5b7b8ef:  60% ▕██████████        ▏ 1.5 GB/2.5 GB   34 MB/s     28s[K[?25h[?2026l[?2026h[?25l[A[1Gpulling manifest [K
pulling 85e4a5b7b8ef:  60% ▕██████████        ▏ 1.5 GB/2.5 GB   34 MB/s     28s[K[?25h[?2026l[?2026h[?25l[A[1Gpulling manifest [K
pulling 85e4a5b7b8ef:  61% ▕██████████        ▏ 1.5 GB/2.5 GB   34 MB/s     28s[K[?25h[?2026l[?2026h[?25l[A[1Gpulling manifest [K
pulling 85e4a5b7b8ef:  61% ▕██████████        ▏ 1.5 GB/2.5 GB   34 MB/s     28s[K[?25h[?2026l[?2026h[?25l[A[1Gpulling manifest [K
pulling 85e4a5b7b8ef:  61% ▕██████████        ▏ 1.5 GB/2.5 GB   34 MB/s     27s[K[?25h[?2026l[?2026h[?25l[A[1Gpulling manifest [K
pulling 85e4a5b7b8ef:  61% ▕██████████        ▏ 1.5 GB/2.5 GB   35 MB/s     27s[K[?25h[?2026l[?2026h[?25l[A[1Gpulling manifest [K
pulling 85e4a5b7b8ef:  61% ▕██████████        ▏ 1.5 GB/2.5 GB   35 MB/s     27s[K[?25h[?2026l[?2026h[?25l[A[1Gpulling manifest [K
pulling 85e4a5b7b8ef:  61% ▕███████████       ▏ 1.5 GB/2.5 GB   35 MB/s     27s[K[?25h[?2026l[?2026h[?25l[A[1Gpulling manifest [K
pulling 85e4a5b7b8ef:  61% ▕███████████       ▏ 1.5 GB/2.5 GB   35 MB/s     27s[K[?25h[?2026l[?2026h[?25l[A[1Gpulling manifest [K
pulling 85e4a5b7b8ef:  62% ▕███████████       ▏ 1.5 GB/2.5 GB   35 MB/s     27s[K[?25h[?2026l[?2026h[?25l[A[1Gpulling manifest [K
pulling 85e4a5b7b8ef:  62% ▕███████████       ▏ 1.5 GB/2.5 GB   35 MB/s     27s[K[?25h[?2026l[?2026h[?25l[A[1Gpulling manifest [K
pulling 85e4a5b7b8ef:  62% ▕███████████       ▏ 1.5 GB/2.5 GB   35 MB/s     27s[K[?25h[?2026l[?2026h[?25l[A[1Gpulling manifest [K
pulling 85e4a5b7b8ef:  62% ▕███████████       ▏ 1.5 GB/2.5 GB   35 MB/s     27s[K[?25h[?2026l[?2026h[?25l[A[1Gpulling manifest [K
pulling 85e4a5b7b8ef:  62% ▕███████████       ▏ 1.6 GB/2.5 GB   35 MB/s     27s[K[?25h[?2026l[?2026h[?25l[A[1Gpulling manifest [K
pulling 85e4a5b7b8ef:  62% ▕███████████       ▏ 1.6 GB/2.5 GB   35 MB/s     26s[K[?25h[?2026l[?2026h[?25l[A[1Gpulling manifest [K
pulling 85e4a5b7b8ef:  62% ▕███████████       ▏ 1.6 GB/2.5 GB   34 MB/s     26s[K[?25h[?2026l[?2026h[?25l[A[1Gpulling manifest [K
pulling 85e4a5b7b8ef:  63% ▕███████████       ▏ 1.6 GB/2.5 GB   34 MB/s     26s[K[?25h[?2026l[?2026h[?25l[A[1Gpulling manifest [K
pulling 85e4a5b7b8ef:  63% ▕███████████       ▏ 1.6 GB/2.5 GB   34 MB/s     26s[K[?25h[?2026l[?2026h[?25l[A[1Gpulling manifest [K
pulling 85e4a5b7b8ef:  63% ▕███████████       ▏ 1.6 GB/2.5 GB   34 MB/s     26s[K[?25h[?2026l[?2026h[?25l[A[1Gpulling manifest [K
pulling 85e4a5b7b8ef:  63% ▕███████████       ▏ 1.6 GB/2.5 GB   34 MB/s     26s[K[?25h[?2026l[?2026h[?25l[A[1Gpulling manifest [K
pulling 85e4a5b7b8ef:  63% ▕███████████       ▏ 1.6 GB/2.5 GB   34 MB/s     26s[K[?25h[?2026l[?2026h[?25l[A[1Gpulling manifest [K
pulling 85e4a5b7b8ef:  63% ▕███████████       ▏ 1.6 GB/2.5 GB   34 MB/s     26s[K[?25h[?2026l[?2026h[?25l[A[1Gpulling manifest [K
pulling 85e4a5b7b8ef:  63% ▕███████████       ▏ 1.6 GB/2.5 GB   34 MB/s     26s[K[?25h[?2026l[?2026h[?25l[A[1Gpulling manifest [K
pulling 85e4a5b7b8ef:  63% ▕███████████       ▏ 1.6 GB/2.5 GB   34 MB/s     26s[K[?25h[?2026l[?2026h[?25l[A[1Gpulling manifest [K
pulling 85e4a5b7b8ef:  64% ▕███████████       ▏ 1.6 GB/2.5 GB   34 MB/s     26s[K[?25h[?2026l[?2026h[?25l[A[1Gpulling manifest [K
pulling 85e4a5b7b8ef:  64% ▕███████████       ▏ 1.6 GB/2.5 GB   34 MB/s     25s[K[?25h[?2026l[?2026h[?25l[A[1Gpulling manifest [K
pulling 85e4a5b7b8ef:  64% ▕███████████       ▏ 1.6 GB/2.5 GB   34 MB/s     25s[K[?25h[?2026l[?2026h[?25l[A[1Gpulling manifest [K
pulling 85e4a5b7b8ef:  64% ▕███████████       ▏ 1.6 GB/2.5 GB   34 MB/s     25s[K[?25h[?2026l[?2026h[?25l[A[1Gpulling manifest [K
pulling 85e4a5b7b8ef:  64% ▕███████████       ▏ 1.6 GB/2.5 GB   34 MB/s     25s[K[?25h[?2026l[?2026h[?25l[A[1Gpulling manifest [K
pulling 85e4a5b7b8ef:  64% ▕███████████       ▏ 1.6 GB/2.5 GB   34 MB/s     25s[K[?25h[?2026l[?2026h[?25l[A[1Gpulling manifest [K
pulling 85e4a5b7b8ef:  64% ▕███████████       ▏ 1.6 GB/2.5 GB   34 MB/s     25s[K[?25h[?2026l[?2026h[?25l[A[1Gpulling manifest [K
pulling 85e4a5b7b8ef:  65% ▕███████████       ▏ 1.6 GB/2.5 GB   34 MB/s     25s[K[?25h[?2026l[?2026h[?25l[A[1Gpulling manifest [K
pulling 85e4a5b7b8ef:  65% ▕███████████       ▏ 1.6 GB/2.5 GB   34 MB/s     25s[K[?25h[?2026l[?2026h[?25l[A[1Gpulling manifest [K
pulling 85e4a5b7b8ef:  65% ▕███████████       ▏ 1.6 GB/2.5 GB   34 MB/s     25s[K[?25h[?2026l[?2026h[?25l[A[1Gpulling manifest [K
pulling 85e4a5b7b8ef:  65% ▕███████████       ▏ 1.6 GB/2.5 GB   34 MB/s     24s[K[?25h[?2026l[?2026h[?25l[A[1Gpulling manifest [K
pulling 85e4a5b7b8ef:  65% ▕███████████       ▏ 1.6 GB/2.5 GB   34 MB/s     24s[K[?25h[?2026l[?2026h[?25l[A[1Gpulling manifest [K
pulling 85e4a5b7b8ef:  65% ▕███████████       ▏ 1.6 GB/2.5 GB   34 MB/s     24s[K[?25h[?2026l[?2026h[?25l[A[1Gpulling manifest [K
pulling 85e4a5b7b8ef:  65% ▕███████████       ▏ 1.6 GB/2.5 GB   34 MB/s     24s[K[?25h[?2026l[?2026h[?25l[A[1Gpulling manifest [K
pulling 85e4a5b7b8ef:  66% ▕███████████       ▏ 1.6 GB/2.5 GB   34 MB/s     24s[K[?25h[?2026l[?2026h[?25l[A[1Gpulling manifest [K
pulling 85e4a5b7b8ef:  66% ▕███████████       ▏ 1.6 GB/2.5 GB   34 MB/s     24s[K[?25h[?2026l[?2026h[?25l[A[1Gpulling manifest [K
pulling 85e4a5b7b8ef:  66% ▕███████████       ▏ 1.6 GB/2.5 GB   34 MB/s     24s[K[?25h[?2026l[?2026h[?25l[A[1Gpulling manifest [K
pulling 85e4a5b7b8ef:  66% ▕███████████       ▏ 1.6 GB/2.5 GB   34 MB/s     24s[K[?25h[?2026l[?2026h[?25l[A[1Gpulling manifest [K
pulling 85e4a5b7b8ef:  66% ▕███████████       ▏ 1.7 GB/2.5 GB   34 MB/s     24s[K[?25h[?2026l[?2026h[?25l[A[1Gpulling manifest [K
pulling 85e4a5b7b8ef:  66% ▕███████████       ▏ 1.7 GB/2.5 GB   34 MB/s     24s[K[?25h[?2026l[?2026h[?25l[A[1Gpulling manifest [K
pulling 85e4a5b7b8ef:  66% ▕███████████       ▏ 1.7 GB/2.5 GB   34 MB/s     23s[K[?25h[?2026l[?2026h[?25l[A[1Gpulling manifest [K
pulling 85e4a5b7b8ef:  67% ▕███████████       ▏ 1.7 GB/2.5 GB   34 MB/s     23s[K[?25h[?2026l[?2026h[?25l[A[1Gpulling manifest [K
pulling 85e4a5b7b8ef:  67% ▕████████████      ▏ 1.7 GB/2.5 GB   35 MB/s     23s[K[?25h[?2026l[?2026h[?25l[A[1Gpulling manifest [K
pulling 85e4a5b7b8ef:  67% ▕████████████      ▏ 1.7 GB/2.5 GB   35 MB/s     23s[K[?25h[?2026l[?2026h[?25l[A[1Gpulling manifest [K
pulling 85e4a5b7b8ef:  67% ▕████████████      ▏ 1.7 GB/2.5 GB   35 MB/s     23s[K[?25h[?2026l[?2026h[?25l[A[1Gpulling manifest [K
pulling 85e4a5b7b8ef:  67% ▕████████████      ▏ 1.7 GB/2.5 GB   35 MB/s     23s[K[?25h[?2026l[?2026h[?25l[A[1Gpulling manifest [K
pulling 85e4a5b7b8ef:  67% ▕████████████      ▏ 1.7 GB/2.5 GB   35 MB/s     23s[K[?25h[?2026l[?2026h[?25l[A[1Gpulling manifest [K
pulling 85e4a5b7b8ef:  67% ▕████████████      ▏ 1.7 GB/2.5 GB   35 MB/s     22s[K[?25h[?2026l[?2026h[?25l[A[1Gpulling manifest [K
pulling 85e4a5b7b8ef:  68% ▕████████████      ▏ 1.7 GB/2.5 GB   35 MB/s     22s[K[?25h[?2026l[?2026h[?25l[A[1Gpulling manifest [K
pulling 85e4a5b7b8ef:  68% ▕████████████      ▏ 1.7 GB/2.5 GB   35 MB/s     22s[K[?25h[?2026l[?2026h[?25l[A[1Gpulling manifest [K
pulling 85e4a5b7b8ef:  68% ▕████████████      ▏ 1.7 GB/2.5 GB   35 MB/s     22s[K[?25h[?2026l[?2026h[?25l[A[1Gpulling manifest [K
pulling 85e4a5b7b8ef:  68% ▕████████████      ▏ 1.7 GB/2.5 GB   35 MB/s     22s[K[?25h[?2026l[?2026h[?25l[A[1Gpulling manifest [K
pulling 85e4a5b7b8ef:  68% ▕████████████      ▏ 1.7 GB/2.5 GB   35 MB/s     22s[K[?25h[?2026l[?2026h[?25l[A[1Gpulling manifest [K
pulling 85e4a5b7b8ef:  68% ▕████████████      ▏ 1.7 GB/2.5 GB   35 MB/s     22s[K[?25h[?2026l[?2026h[?25l[A[1Gpulling manifest [K
pulling 85e4a5b7b8ef:  68% ▕████████████      ▏ 1.7 GB/2.5 GB   35 MB/s     22s[K[?25h[?2026l[?2026h[?25l[A[1Gpulling manifest [K
pulling 85e4a5b7b8ef:  68% ▕████████████      ▏ 1.7 GB/2.5 GB   35 MB/s     22s[K[?25h[?2026l[?2026h[?25l[A[1Gpulling manifest [K
pulling 85e4a5b7b8ef:  68% ▕████████████      ▏ 1.7 GB/2.5 GB   35 MB/s     22s[K[?25h[?2026l[?2026h[?25l[A[1Gpulling manifest [K
pulling 85e4a5b7b8ef:  69% ▕████████████      ▏ 1.7 GB/2.5 GB   35 MB/s     22s[K[?25h[?2026l[?2026h[?25l[A[1Gpulling manifest [K
pulling 85e4a5b7b8ef:  69% ▕████████████      ▏ 1.7 GB/2.5 GB   35 MB/s     22s[K[?25h[?2026l[?2026h[?25l[A[1Gpulling manifest [K
pulling 85e4a5b7b8ef:  69% ▕████████████      ▏ 1.7 GB/2.5 GB   35 MB/s     22s[K[?25h[?2026l[?2026h[?25l[A[1Gpulling manifest [K
pulling 85e4a5b7b8ef:  69% ▕████████████      ▏ 1.7 GB/2.5 GB   35 MB/s     21s[K[?25h[?2026l[?2026h[?25l[A[1Gpulling manifest [K
pulling 85e4a5b7b8ef:  69% ▕████████████      ▏ 1.7 GB/2.5 GB   35 MB/s     21s[K[?25h[?2026l[?2026h[?25l[A[1Gpulling manifest [K
pulling 85e4a5b7b8ef:  69% ▕████████████      ▏ 1.7 GB/2.5 GB   35 MB/s     21s[K[?25h[?2026l[?2026h[?25l[A[1Gpulling manifest [K
pulling 85e4a5b7b8ef:  69% ▕████████████      ▏ 1.7 GB/2.5 GB   35 MB/s     21s[K[?25h[?2026l[?2026h[?25l[A[1Gpulling manifest [K
pulling 85e4a5b7b8ef:  70% ▕████████████      ▏ 1.7 GB/2.5 GB   35 MB/s     21s[K[?25h[?2026l[?2026h[?25l[A[1Gpulling manifest [K
pulling 85e4a5b7b8ef:  70% ▕████████████      ▏ 1.7 GB/2.5 GB   35 MB/s     21s[K[?25h[?2026l[?2026h[?25l[A[1Gpulling manifest [K
pulling 85e4a5b7b8ef:  70% ▕████████████      ▏ 1.7 GB/2.5 GB   35 MB/s     21s[K[?25h[?2026l[?2026h[?25l[A[1Gpulling manifest [K
pulling 85e4a5b7b8ef:  70% ▕████████████      ▏ 1.7 GB/2.5 GB   35 MB/s     21s[K[?25h[?2026l[?2026h[?25l[A[1Gpulling manifest [K
pulling 85e4a5b7b8ef:  70% ▕████████████      ▏ 1.8 GB/2.5 GB   35 MB/s     21s[K[?25h[?2026l[?2026h[?25l[A[1Gpulling manifest [K
pulling 85e4a5b7b8ef:  70% ▕████████████      ▏ 1.8 GB/2.5 GB   35 MB/s     21s[K[?25h[?2026l[?2026h[?25l[A[1Gpulling manifest [K
pulling 85e4a5b7b8ef:  70% ▕████████████      ▏ 1.8 GB/2.5 GB   35 MB/s     21s[K[?25h[?2026l[?2026h[?25l[A[1Gpulling manifest [K
pulling 85e4a5b7b8ef:  71% ▕████████████      ▏ 1.8 GB/2.5 GB   35 MB/s     21s[K[?25h[?2026l[?2026h[?25l[A[1Gpulling manifest [K
pulling 85e4a5b7b8ef:  71% ▕████████████      ▏ 1.8 GB/2.5 GB   35 MB/s     20s[K[?25h[?2026l[?2026h[?25l[A[1Gpulling manifest [K
pulling 85e4a5b7b8ef:  71% ▕████████████      ▏ 1.8 GB/2.5 GB   35 MB/s     20s[K[?25h[?2026l[?2026h[?25l[A[1Gpulling manifest [K
pulling 85e4a5b7b8ef:  71% ▕████████████      ▏ 1.8 GB/2.5 GB   35 MB/s     20s[K[?25h[?2026l[?2026h[?25l[A[1Gpulling manifest [K
pulling 85e4a5b7b8ef:  71% ▕████████████      ▏ 1.8 GB/2.5 GB   35 MB/s     20s[K[?25h[?2026l[?2026h[?25l[A[1Gpulling manifest [K
pulling 85e4a5b7b8ef:  71% ▕████████████      ▏ 1.8 GB/2.5 GB   35 MB/s     20s[K[?25h[?2026l[?2026h[?25l[A[1Gpulling manifest [K
pulling 85e4a5b7b8ef:  71% ▕████████████      ▏ 1.8 GB/2.5 GB   35 MB/s     20s[K[?25h[?2026l[?2026h[?25l[A[1Gpulling manifest [K
pulling 85e4a5b7b8ef:  72% ▕████████████      ▏ 1.8 GB/2.5 GB   35 MB/s     20s[K[?25h[?2026l[?2026h[?25l[A[1Gpulling manifest [K
pulling 85e4a5b7b8ef:  72% ▕████████████      ▏ 1.8 GB/2.5 GB   35 MB/s     20s[K[?25h[?2026l[?2026h[?25l[A[1Gpulling manifest [K
pulling 85e4a5b7b8ef:  72% ▕████████████      ▏ 1.8 GB/2.5 GB   35 MB/s     20s[K[?25h[?2026l[?2026h[?25l[A[1Gpulling manifest [K
pulling 85e4a5b7b8ef:  72% ▕████████████      ▏ 1.8 GB/2.5 GB   35 MB/s     20s[K[?25h[?2026l[?2026h[?25l[A[1Gpulling manifest [K
pulling 85e4a5b7b8ef:  72% ▕████████████      ▏ 1.8 GB/2.5 GB   35 MB/s     19s[K[?25h[?2026l[?2026h[?25l[A[1Gpulling manifest [K
pulling 85e4a5b7b8ef:  72% ▕████████████      ▏ 1.8 GB/2.5 GB   35 MB/s     19s[K[?25h[?2026l[?2026h[?25l[A[1Gpulling manifest [K
pulling 85e4a5b7b8ef:  72% ▕█████████████     ▏ 1.8 GB/2.5 GB   35 MB/s     19s[K[?25h[?2026l[?2026h[?25l[A[1Gpulling manifest [K
pulling 85e4a5b7b8ef:  72% ▕█████████████     ▏ 1.8 GB/2.5 GB   35 MB/s     19s[K[?25h[?2026l[?2026h[?25l[A[1Gpulling manifest [K
pulling 85e4a5b7b8ef:  73% ▕█████████████     ▏ 1.8 GB/2.5 GB   35 MB/s     19s[K[?25h[?2026l[?2026h[?25l[A[1Gpulling manifest [K
pulling 85e4a5b7b8ef:  73% ▕█████████████     ▏ 1.8 GB/2.5 GB   35 MB/s     19s[K[?25h[?2026l[?2026h[?25l[A[1Gpulling manifest [K
pulling 85e4a5b7b8ef:  73% ▕█████████████     ▏ 1.8 GB/2.5 GB   35 MB/s     19s[K[?25h[?2026l[?2026h[?25l[A[1Gpulling manifest [K
pulling 85e4a5b7b8ef:  73% ▕█████████████     ▏ 1.8 GB/2.5 GB   35 MB/s     19s[K[?25h[?2026l[?2026h[?25l[A[1Gpulling manifest [K
pulling 85e4a5b7b8ef:  73% ▕█████████████     ▏ 1.8 GB/2.5 GB   35 MB/s     19s[K[?25h[?2026l[?2026h[?25l[A[1Gpulling manifest [K
pulling 85e4a5b7b8ef:  73% ▕█████████████     ▏ 1.8 GB/2.5 GB   35 MB/s     19s[K[?25h[?2026l[?2026h[?25l[A[1Gpulling manifest [K
pulling 85e4a5b7b8ef:  73% ▕█████████████     ▏ 1.8 GB/2.5 GB   35 MB/s     18s[K[?25h[?2026l[?2026h[?25l[A[1Gpulling manifest [K
pulling 85e4a5b7b8ef:  74% ▕█████████████     ▏ 1.8 GB/2.5 GB   35 MB/s     18s[K[?25h[?2026l[?2026h[?25l[A[1Gpulling manifest [K
pulling 85e4a5b7b8ef:  74% ▕█████████████     ▏ 1.8 GB/2.5 GB   35 MB/s     18s[K[?25h[?2026l[?2026h[?25l[A[1Gpulling manifest [K
pulling 85e4a5b7b8ef:  74% ▕█████████████     ▏ 1.8 GB/2.5 GB   35 MB/s     18s[K[?25h[?2026l[?2026h[?25l[A[1Gpulling manifest [K
pulling 85e4a5b7b8ef:  74% ▕█████████████     ▏ 1.8 GB/2.5 GB   35 MB/s     18s[K[?25h[?2026l[?2026h[?25l[A[1Gpulling manifest [K
pulling 85e4a5b7b8ef:  74% ▕█████████████     ▏ 1.9 GB/2.5 GB   35 MB/s     18s[K[?25h[?2026l[?2026h[?25l[A[1Gpulling manifest [K
pulling 85e4a5b7b8ef:  74% ▕█████████████     ▏ 1.9 GB/2.5 GB   35 MB/s     18s[K[?25h[?2026l[?2026h[?25l[A[1Gpulling manifest [K
pulling 85e4a5b7b8ef:  74% ▕█████████████     ▏ 1.9 GB/2.5 GB   35 MB/s     18s[K[?25h[?2026l[?2026h[?25l[A[1Gpulling manifest [K
pulling 85e4a5b7b8ef:  75% ▕█████████████     ▏ 1.9 GB/2.5 GB   35 MB/s     18s[K[?25h[?2026l[?2026h[?25l[A[1Gpulling manifest [K
pulling 85e4a5b7b8ef:  75% ▕█████████████     ▏ 1.9 GB/2.5 GB   35 MB/s     18s[K[?25h[?2026l[?2026h[?25l[A[1Gpulling manifest [K
pulling 85e4a5b7b8ef:  75% ▕█████████████     ▏ 1.9 GB/2.5 GB   35 MB/s     17s[K[?25h[?2026l[?2026h[?25l[A[1Gpulling manifest [K
pulling 85e4a5b7b8ef:  75% ▕█████████████     ▏ 1.9 GB/2.5 GB   35 MB/s     17s[K[?25h[?2026l[?2026h[?25l[A[1Gpulling manifest [K
pulling 85e4a5b7b8ef:  75% ▕█████████████     ▏ 1.9 GB/2.5 GB   35 MB/s     17s[K[?25h[?2026l[?2026h[?25l[A[1Gpulling manifest [K
pulling 85e4a5b7b8ef:  75% ▕█████████████     ▏ 1.9 GB/2.5 GB   35 MB/s     17s[K[?25h[?2026l[?2026h[?25l[A[1Gpulling manifest [K
pulling 85e4a5b7b8ef:  75% ▕█████████████     ▏ 1.9 GB/2.5 GB   35 MB/s     17s[K[?25h[?2026l[?2026h[?25l[A[1Gpulling manifest [K
pulling 85e4a5b7b8ef:  76% ▕█████████████     ▏ 1.9 GB/2.5 GB   35 MB/s     17s[K[?25h[?2026l[?2026h[?25l[A[1Gpulling manifest [K
pulling 85e4a5b7b8ef:  76% ▕█████████████     ▏ 1.9 GB/2.5 GB   35 MB/s     17s[K[?25h[?2026l[?2026h[?25l[A[1Gpulling manifest [K
pulling 85e4a5b7b8ef:  76% ▕█████████████     ▏ 1.9 GB/2.5 GB   35 MB/s     17s[K[?25h[?2026l[?2026h[?25l[A[1Gpulling manifest [K
pulling 85e4a5b7b8ef:  76% ▕█████████████     ▏ 1.9 GB/2.5 GB   35 MB/s     17s[K[?25h[?2026l[?2026h[?25l[A[1Gpulling manifest [K
pulling 85e4a5b7b8ef:  76% ▕█████████████     ▏ 1.9 GB/2.5 GB   35 MB/s     16s[K[?25h[?2026l[?2026h[?25l[A[1Gpulling manifest [K
pulling 85e4a5b7b8ef:  76% ▕█████████████     ▏ 1.9 GB/2.5 GB   35 MB/s     16s[K[?25h[?2026l[?2026h[?25l[A[1Gpulling manifest [K
pulling 85e4a5b7b8ef:  76% ▕█████████████     ▏ 1.9 GB/2.5 GB   35 MB/s     16s[K[?25h[?2026l[?2026h[?25l[A[1Gpulling manifest [K
pulling 85e4a5b7b8ef:  77% ▕█████████████     ▏ 1.9 GB/2.5 GB   35 MB/s     16s[K[?25h[?2026l[?2026h[?25l[A[1Gpulling manifest [K
pulling 85e4a5b7b8ef:  77% ▕█████████████     ▏ 1.9 GB/2.5 GB   35 MB/s     16s[K[?25h[?2026l[?2026h[?25l[A[1Gpulling manifest [K
pulling 85e4a5b7b8ef:  77% ▕█████████████     ▏ 1.9 GB/2.5 GB   35 MB/s     16s[K[?25h[?2026l[?2026h[?25l[A[1Gpulling manifest [K
pulling 85e4a5b7b8ef:  77% ▕█████████████     ▏ 1.9 GB/2.5 GB   35 MB/s     16s[K[?25h[?2026l[?2026h[?25l[A[1Gpulling manifest [K
pulling 85e4a5b7b8ef:  77% ▕█████████████     ▏ 1.9 GB/2.5 GB   35 MB/s     16s[K[?25h[?2026l[?2026h[?25l[A[1Gpulling manifest [K
pulling 85e4a5b7b8ef:  77% ▕█████████████     ▏ 1.9 GB/2.5 GB   35 MB/s     16s[K[?25h[?2026l[?2026h[?25l[A[1Gpulling manifest [K
pulling 85e4a5b7b8ef:  77% ▕█████████████     ▏ 1.9 GB/2.5 GB   35 MB/s     16s[K[?25h[?2026l[?2026h[?25l[A[1Gpulling manifest [K
pulling 85e4a5b7b8ef:  78% ▕█████████████     ▏ 1.9 GB/2.5 GB   35 MB/s     16s[K[?25h[?2026l[?2026h[?25l[A[1Gpulling manifest [K
pulling 85e4a5b7b8ef:  78% ▕█████████████     ▏ 1.9 GB/2.5 GB   35 MB/s     15s[K[?25h[?2026l[?2026h[?25l[A[1Gpulling manifest [K
pulling 85e4a5b7b8ef:  78% ▕██████████████    ▏ 1.9 GB/2.5 GB   35 MB/s     15s[K[?25h[?2026l[?2026h[?25l[A[1Gpulling manifest [K
pulling 85e4a5b7b8ef:  78% ▕██████████████    ▏ 1.9 GB/2.5 GB   35 MB/s     15s[K[?25h[?2026l[?2026h[?25l[A[1Gpulling manifest [K
pulling 85e4a5b7b8ef:  78% ▕██████████████    ▏ 1.9 GB/2.5 GB   35 MB/s     15s[K[?25h[?2026l[?2026h[?25l[A[1Gpulling manifest [K
pulling 85e4a5b7b8ef:  78% ▕██████████████    ▏ 2.0 GB/2.5 GB   35 MB/s     15s[K[?25h[?2026l[?2026h[?25l[A[1Gpulling manifest [K
pulling 85e4a5b7b8ef:  78% ▕██████████████    ▏ 2.0 GB/2.5 GB   35 MB/s     15s[K[?25h[?2026l[?2026h[?25l[A[1Gpulling manifest [K
pulling 85e4a5b7b8ef:  78% ▕██████████████    ▏ 2.0 GB/2.5 GB   35 MB/s     15s[K[?25h[?2026l[?2026h[?25l[A[1Gpulling manifest [K
pulling 85e4a5b7b8ef:  79% ▕██████████████    ▏ 2.0 GB/2.5 GB   35 MB/s     15s[K[?25h[?2026l[?2026h[?25l[A[1Gpulling manifest [K
pulling 85e4a5b7b8ef:  79% ▕██████████████    ▏ 2.0 GB/2.5 GB   35 MB/s     15s[K[?25h[?2026l[?2026h[?25l[A[1Gpulling manifest [K
pulling 85e4a5b7b8ef:  79% ▕██████████████    ▏ 2.0 GB/2.5 GB   35 MB/s     14s[K[?25h[?2026l[?2026h[?25l[A[1Gpulling manifest [K
pulling 85e4a5b7b8ef:  79% ▕██████████████    ▏ 2.0 GB/2.5 GB   35 MB/s     14s[K[?25h[?2026l[?2026h[?25l[A[1Gpulling manifest [K
pulling 85e4a5b7b8ef:  79% ▕██████████████    ▏ 2.0 GB/2.5 GB   35 MB/s     14s[K[?25h[?2026l[?2026h[?25l[A[1Gpulling manifest [K
pulling 85e4a5b7b8ef:  79% ▕██████████████    ▏ 2.0 GB/2.5 GB   35 MB/s     14s[K[?25h[?2026l[?2026h[?25l[A[1Gpulling manifest [K
pulling 85e4a5b7b8ef:  80% ▕██████████████    ▏ 2.0 GB/2.5 GB   35 MB/s     14s[K[?25h[?2026l[?2026h[?25l[A[1Gpulling manifest [K
pulling 85e4a5b7b8ef:  80% ▕██████████████    ▏ 2.0 GB/2.5 GB   35 MB/s     14s[K[?25h[?2026l[?2026h[?25l[A[1Gpulling manifest [K
pulling 85e4a5b7b8ef:  80% ▕██████████████    ▏ 2.0 GB/2.5 GB   35 MB/s     14s[K[?25h[?2026l[?2026h[?25l[A[1Gpulling manifest [K
pulling 85e4a5b7b8ef:  80% ▕██████████████    ▏ 2.0 GB/2.5 GB   35 MB/s     14s[K[?25h[?2026l[?2026h[?25l[A[1Gpulling manifest [K
pulling 85e4a5b7b8ef:  80% ▕██████████████    ▏ 2.0 GB/2.5 GB   35 MB/s     14s[K[?25h[?2026l[?2026h[?25l[A[1Gpulling manifest [K
pulling 85e4a5b7b8ef:  80% ▕██████████████    ▏ 2.0 GB/2.5 GB   35 MB/s     14s[K[?25h[?2026l[?2026h[?25l[A[1Gpulling manifest [K
pulling 85e4a5b7b8ef:  80% ▕██████████████    ▏ 2.0 GB/2.5 GB   35 MB/s     13s[K[?25h[?2026l[?2026h[?25l[A[1Gpulling manifest [K
pulling 85e4a5b7b8ef:  80% ▕██████████████    ▏ 2.0 GB/2.5 GB   35 MB/s     13s[K[?25h[?2026l[?2026h[?25l[A[1Gpulling manifest [K
pulling 85e4a5b7b8ef:  81% ▕██████████████    ▏ 2.0 GB/2.5 GB   35 MB/s     13s[K[?25h[?2026l[?2026h[?25l[A[1Gpulling manifest [K
pulling 85e4a5b7b8ef:  81% ▕██████████████    ▏ 2.0 GB/2.5 GB   35 MB/s     13s[K[?25h[?2026l[?2026h[?25l[A[1Gpulling manifest [K
pulling 85e4a5b7b8ef:  81% ▕██████████████    ▏ 2.0 GB/2.5 GB   35 MB/s     13s[K[?25h[?2026l[?2026h[?25l[A[1Gpulling manifest [K
pulling 85e4a5b7b8ef:  81% ▕██████████████    ▏ 2.0 GB/2.5 GB   35 MB/s     13s[K[?25h[?2026l[?2026h[?25l[A[1Gpulling manifest [K
pulling 85e4a5b7b8ef:  81% ▕██████████████    ▏ 2.0 GB/2.5 GB   35 MB/s     13s[K[?25h[?2026l[?2026h[?25l[A[1Gpulling manifest [K
pulling 85e4a5b7b8ef:  81% ▕██████████████    ▏ 2.0 GB/2.5 GB   35 MB/s     13s[K[?25h[?2026l[?2026h[?25l[A[1Gpulling manifest [K
pulling 85e4a5b7b8ef:  81% ▕██████████████    ▏ 2.0 GB/2.5 GB   35 MB/s     13s[K[?25h[?2026l[?2026h[?25l[A[1Gpulling manifest [K
pulling 85e4a5b7b8ef:  82% ▕██████████████    ▏ 2.0 GB/2.5 GB   35 MB/s     12s[K[?25h[?2026l[?2026h[?25l[A[1Gpulling manifest [K
pulling 85e4a5b7b8ef:  82% ▕██████████████    ▏ 2.0 GB/2.5 GB   35 MB/s     12s[K[?25h[?2026l[?2026h[?25l[A[1Gpulling manifest [K
pulling 85e4a5b7b8ef:  82% ▕██████████████    ▏ 2.0 GB/2.5 GB   35 MB/s     12s[K[?25h[?2026l[?2026h[?25l[A[1Gpulling manifest [K
pulling 85e4a5b7b8ef:  82% ▕██████████████    ▏ 2.0 GB/2.5 GB   35 MB/s     12s[K[?25h[?2026l[?2026h[?25l[A[1Gpulling manifest [K
pulling 85e4a5b7b8ef:  82% ▕██████████████    ▏ 2.0 GB/2.5 GB   35 MB/s     12s[K[?25h[?2026l[?2026h[?25l[A[1Gpulling manifest [K
pulling 85e4a5b7b8ef:  82% ▕██████████████    ▏ 2.0 GB/2.5 GB   35 MB/s     12s[K[?25h[?2026l[?2026h[?25l[A[1Gpulling manifest [K
pulling 85e4a5b7b8ef:  82% ▕██████████████    ▏ 2.1 GB/2.5 GB   35 MB/s     12s[K[?25h[?2026l[?2026h[?25l[A[1Gpulling manifest [K
pulling 85e4a5b7b8ef:  82% ▕██████████████    ▏ 2.1 GB/2.5 GB   35 MB/s     12s[K[?25h[?2026l[?2026h[?25l[A[1Gpulling manifest [K
pulling 85e4a5b7b8ef:  82% ▕██████████████    ▏ 2.1 GB/2.5 GB   35 MB/s     12s[K[?25h[?2026l[?2026h[?25l[A[1Gpulling manifest [K
pulling 85e4a5b7b8ef:  83% ▕██████████████    ▏ 2.1 GB/2.5 GB   35 MB/s     12s[K[?25h[?2026l[?2026h[?25l[A[1Gpulling manifest [K
pulling 85e4a5b7b8ef:  83% ▕██████████████    ▏ 2.1 GB/2.5 GB   35 MB/s     12s[K[?25h[?2026l[?2026h[?25l[A[1Gpulling manifest [K
pulling 85e4a5b7b8ef:  83% ▕██████████████    ▏ 2.1 GB/2.5 GB   35 MB/s     12s[K[?25h[?2026l[?2026h[?25l[A[1Gpulling manifest [K
pulling 85e4a5b7b8ef:  83% ▕██████████████    ▏ 2.1 GB/2.5 GB   35 MB/s     11s[K[?25h[?2026l[?2026h[?25l[A[1Gpulling manifest [K
pulling 85e4a5b7b8ef:  83% ▕██████████████    ▏ 2.1 GB/2.5 GB   35 MB/s     11s[K[?25h[?2026l[?2026h[?25l[A[1Gpulling manifest [K
pulling 85e4a5b7b8ef:  83% ▕██████████████    ▏ 2.1 GB/2.5 GB   35 MB/s     11s[K[?25h[?2026l[?2026h[?25l[A[1Gpulling manifest [K
pulling 85e4a5b7b8ef:  83% ▕███████████████   ▏ 2.1 GB/2.5 GB   35 MB/s     11s[K[?25h[?2026l[?2026h[?25l[A[1Gpulling manifest [K
pulling 85e4a5b7b8ef:  84% ▕███████████████   ▏ 2.1 GB/2.5 GB   35 MB/s     11s[K[?25h[?2026l[?2026h[?25l[A[1Gpulling manifest [K
pulling 85e4a5b7b8ef:  84% ▕███████████████   ▏ 2.1 GB/2.5 GB   35 MB/s     11s[K[?25h[?2026l[?2026h[?25l[A[1Gpulling manifest [K
pulling 85e4a5b7b8ef:  84% ▕███████████████   ▏ 2.1 GB/2.5 GB   35 MB/s     11s[K[?25h[?2026l[?2026h[?25l[A[1Gpulling manifest [K
pulling 85e4a5b7b8ef:  84% ▕███████████████   ▏ 2.1 GB/2.5 GB   35 MB/s     11s[K[?25h[?2026l[?2026h[?25l[A[1Gpulling manifest [K
pulling 85e4a5b7b8ef:  84% ▕███████████████   ▏ 2.1 GB/2.5 GB   35 MB/s     11s[K[?25h[?2026l[?2026h[?25l[A[1Gpulling manifest [K
pulling 85e4a5b7b8ef:  84% ▕███████████████   ▏ 2.1 GB/2.5 GB   35 MB/s     11s[K[?25h[?2026l[?2026h[?25l[A[1Gpulling manifest [K
pulling 85e4a5b7b8ef:  84% ▕███████████████   ▏ 2.1 GB/2.5 GB   35 MB/s     11s[K[?25h[?2026l[?2026h[?25l[A[1Gpulling manifest [K
pulling 85e4a5b7b8ef:  85% ▕███████████████   ▏ 2.1 GB/2.5 GB   35 MB/s     11s[K[?25h[?2026l[?2026h[?25l[A[1Gpulling manifest [K
pulling 85e4a5b7b8ef:  85% ▕███████████████   ▏ 2.1 GB/2.5 GB   34 MB/s     10s[K[?25h[?2026l[?2026h[?25l[A[1Gpulling manifest [K
pulling 85e4a5b7b8ef:  85% ▕███████████████   ▏ 2.1 GB/2.5 GB   34 MB/s     10s[K[?25h[?2026l[?2026h[?25l[A[1Gpulling manifest [K
pulling 85e4a5b7b8ef:  85% ▕███████████████   ▏ 2.1 GB/2.5 GB   34 MB/s     10s[K[?25h[?2026l[?2026h[?25l[A[1Gpulling manifest [K
pulling 85e4a5b7b8ef:  85% ▕███████████████   ▏ 2.1 GB/2.5 GB   34 MB/s     10s[K[?25h[?2026l[?2026h[?25l[A[1Gpulling manifest [K
pulling 85e4a5b7b8ef:  85% ▕███████████████   ▏ 2.1 GB/2.5 GB   34 MB/s     10s[K[?25h[?2026l[?2026h[?25l[A[1Gpulling manifest [K
pulling 85e4a5b7b8ef:  85% ▕███████████████   ▏ 2.1 GB/2.5 GB   34 MB/s     10s[K[?25h[?2026l[?2026h[?25l[A[1Gpulling manifest [K
pulling 85e4a5b7b8ef:  86% ▕███████████████   ▏ 2.1 GB/2.5 GB   34 MB/s     10s[K[?25h[?2026l[?2026h[?25l[A[1Gpulling manifest [K
pulling 85e4a5b7b8ef:  86% ▕███████████████   ▏ 2.1 GB/2.5 GB   34 MB/s     10s[K[?25h[?2026l[?2026h[?25l[A[1Gpulling manifest [K
pulling 85e4a5b7b8ef:  86% ▕███████████████   ▏ 2.1 GB/2.5 GB   34 MB/s     10s[K[?25h[?2026l[?2026h[?25l[A[1Gpulling manifest [K
pulling 85e4a5b7b8ef:  86% ▕███████████████   ▏ 2.1 GB/2.5 GB   34 MB/s     10s[K[?25h[?2026l[?2026h[?25l[A[1Gpulling manifest [K
pulling 85e4a5b7b8ef:  86% ▕███████████████   ▏ 2.1 GB/2.5 GB   34 MB/s      9s[K[?25h[?2026l[?2026h[?25l[A[1Gpulling manifest [K
pulling 85e4a5b7b8ef:  86% ▕███████████████   ▏ 2.2 GB/2.5 GB   34 MB/s      9s[K[?25h[?2026l[?2026h[?25l[A[1Gpulling manifest [K
pulling 85e4a5b7b8ef:  86% ▕███████████████   ▏ 2.2 GB/2.5 GB   34 MB/s      9s[K[?25h[?2026l[?2026h[?25l[A[1Gpulling manifest [K
pulling 85e4a5b7b8ef:  86% ▕███████████████   ▏ 2.2 GB/2.5 GB   34 MB/s      9s[K[?25h[?2026l[?2026h[?25l[A[1Gpulling manifest [K
pulling 85e4a5b7b8ef:  87% ▕███████████████   ▏ 2.2 GB/2.5 GB   34 MB/s      9s[K[?25h[?2026l[?2026h[?25l[A[1Gpulling manifest [K
pulling 85e4a5b7b8ef:  87% ▕███████████████   ▏ 2.2 GB/2.5 GB   34 MB/s      9s[K[?25h[?2026l[?2026h[?25l[A[1Gpulling manifest [K
pulling 85e4a5b7b8ef:  87% ▕███████████████   ▏ 2.2 GB/2.5 GB   34 MB/s      9s[K[?25h[?2026l[?2026h[?25l[A[1Gpulling manifest [K
pulling 85e4a5b7b8ef:  87% ▕███████████████   ▏ 2.2 GB/2.5 GB   34 MB/s      9s[K[?25h[?2026l[?2026h[?25l[A[1Gpulling manifest [K
pulling 85e4a5b7b8ef:  87% ▕███████████████   ▏ 2.2 GB/2.5 GB   34 MB/s      9s[K[?25h[?2026l[?2026h[?25l[A[1Gpulling manifest [K
pulling 85e4a5b7b8ef:  87% ▕███████████████   ▏ 2.2 GB/2.5 GB   34 MB/s      9s[K[?25h[?2026l[?2026h[?25l[A[1Gpulling manifest [K
pulling 85e4a5b7b8ef:  87% ▕███████████████   ▏ 2.2 GB/2.5 GB   34 MB/s      8s[K[?25h[?2026l[?2026h[?25l[A[1Gpulling manifest [K
pulling 85e4a5b7b8ef:  88% ▕███████████████   ▏ 2.2 GB/2.5 GB   34 MB/s      8s[K[?25h[?2026l[?2026h[?25l[A[1Gpulling manifest [K
pulling 85e4a5b7b8ef:  88% ▕███████████████   ▏ 2.2 GB/2.5 GB   34 MB/s      8s[K[?25h[?2026l[?2026h[?25l[A[1Gpulling manifest [K
pulling 85e4a5b7b8ef:  88% ▕███████████████   ▏ 2.2 GB/2.5 GB   34 MB/s      8s[K[?25h[?2026l[?2026h[?25l[A[1Gpulling manifest [K
pulling 85e4a5b7b8ef:  88% ▕███████████████   ▏ 2.2 GB/2.5 GB   34 MB/s      8s[K[?25h[?2026l[?2026h[?25l[A[1Gpulling manifest [K
pulling 85e4a5b7b8ef:  88% ▕███████████████   ▏ 2.2 GB/2.5 GB   34 MB/s      8s[K[?25h[?2026l[?2026h[?25l[A[1Gpulling manifest [K
pulling 85e4a5b7b8ef:  88% ▕███████████████   ▏ 2.2 GB/2.5 GB   34 MB/s      8s[K[?25h[?2026l[?2026h[?25l[A[1Gpulling manifest [K
pulling 85e4a5b7b8ef:  89% ▕███████████████   ▏ 2.2 GB/2.5 GB   34 MB/s      8s[K[?25h[?2026l[?2026h[?25l[A[1Gpulling manifest [K
pulling 85e4a5b7b8ef:  89% ▕███████████████   ▏ 2.2 GB/2.5 GB   34 MB/s      8s[K[?25h[?2026l[?2026h[?25l[A[1Gpulling manifest [K
pulling 85e4a5b7b8ef:  89% ▕███████████████   ▏ 2.2 GB/2.5 GB   34 MB/s      8s[K[?25h[?2026l[?2026h[?25l[A[1Gpulling manifest [K
pulling 85e4a5b7b8ef:  89% ▕████████████████  ▏ 2.2 GB/2.5 GB   34 MB/s      7s[K[?25h[?2026l[?2026h[?25l[A[1Gpulling manifest [K
pulling 85e4a5b7b8ef:  89% ▕████████████████  ▏ 2.2 GB/2.5 GB   35 MB/s      7s[K[?25h[?2026l[?2026h[?25l[A[1Gpulling manifest [K
pulling 85e4a5b7b8ef:  89% ▕████████████████  ▏ 2.2 GB/2.5 GB   35 MB/s      7s[K[?25h[?2026l[?2026h[?25l[A[1Gpulling manifest [K
pulling 85e4a5b7b8ef:  89% ▕████████████████  ▏ 2.2 GB/2.5 GB   35 MB/s      7s[K[?25h[?2026l[?2026h[?25l[A[1Gpulling manifest [K
pulling 85e4a5b7b8ef:  89% ▕████████████████  ▏ 2.2 GB/2.5 GB   35 MB/s      7s[K[?25h[?2026l[?2026h[?25l[A[1Gpulling manifest [K
pulling 85e4a5b7b8ef:  90% ▕████████████████  ▏ 2.2 GB/2.5 GB   35 MB/s      7s[K[?25h[?2026l[?2026h[?25l[A[1Gpulling manifest [K
pulling 85e4a5b7b8ef:  90% ▕████████████████  ▏ 2.2 GB/2.5 GB   35 MB/s      7s[K[?25h[?2026l[?2026h[?25l[A[1Gpulling manifest [K
pulling 85e4a5b7b8ef:  90% ▕████████████████  ▏ 2.2 GB/2.5 GB   35 MB/s      7s[K[?25h[?2026l[?2026h[?25l[A[1Gpulling manifest [K
pulling 85e4a5b7b8ef:  90% ▕████████████████  ▏ 2.2 GB/2.5 GB   35 MB/s      7s[K[?25h[?2026l[?2026h[?25l[A[1Gpulling manifest [K
pulling 85e4a5b7b8ef:  90% ▕████████████████  ▏ 2.3 GB/2.5 GB   35 MB/s      6s[K[?25h[?2026l[?2026h[?25l[A[1Gpulling manifest [K
pulling 85e4a5b7b8ef:  90% ▕████████████████  ▏ 2.3 GB/2.5 GB   35 MB/s      6s[K[?25h[?2026l[?2026h[?25l[A[1Gpulling manifest [K
pulling 85e4a5b7b8ef:  90% ▕████████████████  ▏ 2.3 GB/2.5 GB   35 MB/s      6s[K[?25h[?2026l[?2026h[?25l[A[1Gpulling manifest [K
pulling 85e4a5b7b8ef:  91% ▕████████████████  ▏ 2.3 GB/2.5 GB   35 MB/s      6s[K[?25h[?2026l[?2026h[?25l[A[1Gpulling manifest [K
pulling 85e4a5b7b8ef:  91% ▕████████████████  ▏ 2.3 GB/2.5 GB   35 MB/s      6s[K[?25h[?2026l[?2026h[?25l[A[1Gpulling manifest [K
pulling 85e4a5b7b8ef:  91% ▕████████████████  ▏ 2.3 GB/2.5 GB   35 MB/s      6s[K[?25h[?2026l[?2026h[?25l[A[1Gpulling manifest [K
pulling 85e4a5b7b8ef:  91% ▕████████████████  ▏ 2.3 GB/2.5 GB   35 MB/s      6s[K[?25h[?2026l[?2026h[?25l[A[1Gpulling manifest [K
pulling 85e4a5b7b8ef:  91% ▕████████████████  ▏ 2.3 GB/2.5 GB   35 MB/s      6s[K[?25h[?2026l[?2026h[?25l[A[1Gpulling manifest [K
pulling 85e4a5b7b8ef:  91% ▕████████████████  ▏ 2.3 GB/2.5 GB   35 MB/s      6s[K[?25h[?2026l[?2026h[?25l[A[1Gpulling manifest [K
pulling 85e4a5b7b8ef:  92% ▕████████████████  ▏ 2.3 GB/2.5 GB   35 MB/s      6s[K[?25h[?2026l[?2026h[?25l[A[1Gpulling manifest [K
pulling 85e4a5b7b8ef:  92% ▕████████████████  ▏ 2.3 GB/2.5 GB   35 MB/s      5s[K[?25h[?2026l[?2026h[?25l[A[1Gpulling manifest [K
pulling 85e4a5b7b8ef:  92% ▕████████████████  ▏ 2.3 GB/2.5 GB   35 MB/s      5s[K[?25h[?2026l[?2026h[?25l[A[1Gpulling manifest [K
pulling 85e4a5b7b8ef:  92% ▕████████████████  ▏ 2.3 GB/2.5 GB   35 MB/s      5s[K[?25h[?2026l[?2026h[?25l[A[1Gpulling manifest [K
pulling 85e4a5b7b8ef:  92% ▕████████████████  ▏ 2.3 GB/2.5 GB   35 MB/s      5s[K[?25h[?2026l[?2026h[?25l[A[1Gpulling manifest [K
pulling 85e4a5b7b8ef:  92% ▕████████████████  ▏ 2.3 GB/2.5 GB   35 MB/s      5s[K[?25h[?2026l[?2026h[?25l[A[1Gpulling manifest [K
pulling 85e4a5b7b8ef:  92% ▕████████████████  ▏ 2.3 GB/2.5 GB   35 MB/s      5s[K[?25h[?2026l[?2026h[?25l[A[1Gpulling manifest [K
pulling 85e4a5b7b8ef:  92% ▕████████████████  ▏ 2.3 GB/2.5 GB   35 MB/s      5s[K[?25h[?2026l[?2026h[?25l[A[1Gpulling manifest [K
pulling 85e4a5b7b8ef:  93% ▕████████████████  ▏ 2.3 GB/2.5 GB   35 MB/s      5s[K[?25h[?2026l[?2026h[?25l[A[1Gpulling manifest [K
pulling 85e4a5b7b8ef:  93% ▕████████████████  ▏ 2.3 GB/2.5 GB   35 MB/s      5s[K[?25h[?2026l[?2026h[?25l[A[1Gpulling manifest [K
pulling 85e4a5b7b8ef:  93% ▕████████████████  ▏ 2.3 GB/2.5 GB   35 MB/s      5s[K[?25h[?2026l[?2026h[?25l[A[1Gpulling manifest [K
pulling 85e4a5b7b8ef:  93% ▕████████████████  ▏ 2.3 GB/2.5 GB   35 MB/s      4s[K[?25h[?2026l[?2026h[?25l[A[1Gpulling manifest [K
pulling 85e4a5b7b8ef:  93% ▕████████████████  ▏ 2.3 GB/2.5 GB   35 MB/s      4s[K[?25h[?2026l[?2026h[?25l[A[1Gpulling manifest [K
pulling 85e4a5b7b8ef:  93% ▕████████████████  ▏ 2.3 GB/2.5 GB   35 MB/s      4s[K[?25h[?2026l[?2026h[?25l[A[1Gpulling manifest [K
pulling 85e4a5b7b8ef:  93% ▕████████████████  ▏ 2.3 GB/2.5 GB   35 MB/s      4s[K[?25h[?2026l[?2026h[?25l[A[1Gpulling manifest [K
pulling 85e4a5b7b8ef:  94% ▕████████████████  ▏ 2.3 GB/2.5 GB   35 MB/s      4s[K[?25h[?2026l[?2026h[?25l[A[1Gpulling manifest [K
pulling 85e4a5b7b8ef:  94% ▕████████████████  ▏ 2.3 GB/2.5 GB   35 MB/s      4s[K[?25h[?2026l[?2026h[?25l[A[1Gpulling manifest [K
pulling 85e4a5b7b8ef:  94% ▕████████████████  ▏ 2.3 GB/2.5 GB   35 MB/s      4s[K[?25h[?2026l[?2026h[?25l[A[1Gpulling manifest [K
pulling 85e4a5b7b8ef:  94% ▕████████████████  ▏ 2.3 GB/2.5 GB   35 MB/s      4s[K[?25h[?2026l[?2026h[?25l[A[1Gpulling manifest [K
pulling 85e4a5b7b8ef:  94% ▕████████████████  ▏ 2.3 GB/2.5 GB   35 MB/s      4s[K[?25h[?2026l[?2026h[?25l[A[1Gpulling manifest [K
pulling 85e4a5b7b8ef:  94% ▕████████████████  ▏ 2.4 GB/2.5 GB   35 MB/s      4s[K[?25h[?2026l[?2026h[?25l[A[1Gpulling manifest [K
pulling 85e4a5b7b8ef:  94% ▕████████████████  ▏ 2.4 GB/2.5 GB   35 MB/s      3s[K[?25h[?2026l[?2026h[?25l[A[1Gpulling manifest [K
pulling 85e4a5b7b8ef:  95% ▕█████████████████ ▏ 2.4 GB/2.5 GB   35 MB/s      3s[K[?25h[?2026l[?2026h[?25l[A[1Gpulling manifest [K
pulling 85e4a5b7b8ef:  95% ▕█████████████████ ▏ 2.4 GB/2.5 GB   35 MB/s      3s[K[?25h[?2026l[?2026h[?25l[A[1Gpulling manifest [K
pulling 85e4a5b7b8ef:  95% ▕█████████████████ ▏ 2.4 GB/2.5 GB   35 MB/s      3s[K[?25h[?2026l[?2026h[?25l[A[1Gpulling manifest [K
pulling 85e4a5b7b8ef:  95% ▕█████████████████ ▏ 2.4 GB/2.5 GB   35 MB/s      3s[K[?25h[?2026l[?2026h[?25l[A[1Gpulling manifest [K
pulling 85e4a5b7b8ef:  95% ▕█████████████████ ▏ 2.4 GB/2.5 GB   35 MB/s      3s[K[?25h[?2026l[?2026h[?25l[A[1Gpulling manifest [K
pulling 85e4a5b7b8ef:  95% ▕█████████████████ ▏ 2.4 GB/2.5 GB   35 MB/s      3s[K[?25h[?2026l[?2026h[?25l[A[1Gpulling manifest [K
pulling 85e4a5b7b8ef:  95% ▕█████████████████ ▏ 2.4 GB/2.5 GB   35 MB/s      3s[K[?25h[?2026l[?2026h[?25l[A[1Gpulling manifest [K
pulling 85e4a5b7b8ef:  96% ▕█████████████████ ▏ 2.4 GB/2.5 GB   35 MB/s      3s[K[?25h[?2026l[?2026h[?25l[A[1Gpulling manifest [K
pulling 85e4a5b7b8ef:  96% ▕█████████████████ ▏ 2.4 GB/2.5 GB   35 MB/s      3s[K[?25h[?2026l[?2026h[?25l[A[1Gpulling manifest [K
pulling 85e4a5b7b8ef:  96% ▕█████████████████ ▏ 2.4 GB/2.5 GB   35 MB/s      2s[K[?25h[?2026l[?2026h[?25l[A[1Gpulling manifest [K
pulling 85e4a5b7b8ef:  96% ▕█████████████████ ▏ 2.4 GB/2.5 GB   35 MB/s      2s[K[?25h[?2026l[?2026h[?25l[A[1Gpulling manifest [K
pulling 85e4a5b7b8ef:  96% ▕█████████████████ ▏ 2.4 GB/2.5 GB   35 MB/s      2s[K[?25h[?2026l[?2026h[?25l[A[1Gpulling manifest [K
pulling 85e4a5b7b8ef:  96% ▕█████████████████ ▏ 2.4 GB/2.5 GB   35 MB/s      2s[K[?25h[?2026l[?2026h[?25l[A[1Gpulling manifest [K
pulling 85e4a5b7b8ef:  96% ▕█████████████████ ▏ 2.4 GB/2.5 GB   35 MB/s      2s[K[?25h[?2026l[?2026h[?25l[A[1Gpulling manifest [K
pulling 85e4a5b7b8ef:  96% ▕█████████████████ ▏ 2.4 GB/2.5 GB   35 MB/s      2s[K[?25h[?2026l[?2026h[?25l[A[1Gpulling manifest [K
pulling 85e4a5b7b8ef:  96% ▕█████████████████ ▏ 2.4 GB/2.5 GB   35 MB/s      2s[K[?25h[?2026l[?2026h[?25l[A[1Gpulling manifest [K
pulling 85e4a5b7b8ef:  97% ▕█████████████████ ▏ 2.4 GB/2.5 GB   35 MB/s      2s[K[?25h[?2026l[?2026h[?25l[A[1Gpulling manifest [K
pulling 85e4a5b7b8ef:  97% ▕█████████████████ ▏ 2.4 GB/2.5 GB   35 MB/s      2s[K[?25h[?2026l[?2026h[?25l[A[1Gpulling manifest [K
pulling 85e4a5b7b8ef:  97% ▕█████████████████ ▏ 2.4 GB/2.5 GB   35 MB/s      2s[K[?25h[?2026l[?2026h[?25l[A[1Gpulling manifest [K
pulling 85e4a5b7b8ef:  97% ▕█████████████████ ▏ 2.4 GB/2.5 GB   35 MB/s      2s[K[?25h[?2026l[?2026h[?25l[A[1Gpulling manifest [K
pulling 85e4a5b7b8ef:  97% ▕█████████████████ ▏ 2.4 GB/2.5 GB   35 MB/s      2s[K[?25h[?2026l[?2026h[?25l[A[1Gpulling manifest [K
pulling 85e4a5b7b8ef:  97% ▕█████████████████ ▏ 2.4 GB/2.5 GB   35 MB/s      1s[K[?25h[?2026l[?2026h[?25l[A[1Gpulling manifest [K
pulling 85e4a5b7b8ef:  97% ▕█████████████████ ▏ 2.4 GB/2.5 GB   35 MB/s      1s[K[?25h[?2026l[?2026h[?25l[A[1Gpulling manifest [K
pulling 85e4a5b7b8ef:  98% ▕█████████████████ ▏ 2.4 GB/2.5 GB   35 MB/s      1s[K[?25h[?2026l[?2026h[?25l[A[1Gpulling manifest [K
pulling 85e4a5b7b8ef:  98% ▕█████████████████ ▏ 2.4 GB/2.5 GB   35 MB/s      1s[K[?25h[?2026l[?2026h[?25l[A[1Gpulling manifest [K
pulling 85e4a5b7b8ef:  98% ▕█████████████████ ▏ 2.4 GB/2.5 GB   35 MB/s      1s[K[?25h[?2026l[?2026h[?25l[A[1Gpulling manifest [K
pulling 85e4a5b7b8ef:  98% ▕█████████████████ ▏ 2.4 GB/2.5 GB   35 MB/s      1s[K[?25h[?2026l[?2026h[?25l[A[1Gpulling manifest [K
pulling 85e4a5b7b8ef:  98% ▕█████████████████ ▏ 2.4 GB/2.5 GB   35 MB/s      1s[K[?25h[?2026l[?2026h[?25l[A[1Gpulling manifest [K
pulling 85e4a5b7b8ef:  98% ▕█████████████████ ▏ 2.5 GB/2.5 GB   35 MB/s      1s[K[?25h[?2026l[?2026h[?25l[A[1Gpulling manifest [K
pulling 85e4a5b7b8ef:  98% ▕█████████████████ ▏ 2.5 GB/2.5 GB   35 MB/s      1s[K[?25h[?2026l[?2026h[?25l[A[1Gpulling manifest [K
pulling 85e4a5b7b8ef:  98% ▕█████████████████ ▏ 2.5 GB/2.5 GB   35 MB/s      1s[K[?25h[?2026l[?2026h[?25l[A[1Gpulling manifest [K
pulling 85e4a5b7b8ef:  99% ▕█████████████████ ▏ 2.5 GB/2.5 GB   35 MB/s      0s[K[?25h[?2026l[?2026h[?25l[A[1Gpulling manifest [K
pulling 85e4a5b7b8ef:  99% ▕█████████████████ ▏ 2.5 GB/2.5 GB   35 MB/s      0s[K[?25h[?2026l[?2026h[?25l[A[1Gpulling manifest [K
pulling 85e4a5b7b8ef:  99% ▕█████████████████ ▏ 2.5 GB/2.5 GB   35 MB/s      0s[K[?25h[?2026l[?2026h[?25l[A[1Gpulling manifest [K
pulling 85e4a5b7b8ef:  99% ▕█████████████████ ▏ 2.5 GB/2.5 GB   35 MB/s      0s[K[?25h[?2026l[?2026h[?25l[A[1Gpulling manifest [K
pulling 85e4a5b7b8ef:  99% ▕█████████████████ ▏ 2.5 GB/2.5 GB   35 MB/s      0s[K[?25h[?2026l[?2026h[?25l[A[1Gpulling manifest [K
pulling 85e4a5b7b8ef:  99% ▕█████████████████ ▏ 2.5 GB/2.5 GB   35 MB/s      0s[K[?25h[?2026l[?2026h[?25l[A[1Gpulling manifest [K
pulling 85e4a5b7b8ef:  99% ▕█████████████████ ▏ 2.5 GB/2.5 GB   35 MB/s      0s[K[?25h[?2026l[?2026h[?25l[A[1Gpulling manifest [K
pulling 85e4a5b7b8ef:  99% ▕█████████████████ ▏ 2.5 GB/2.5 GB   35 MB/s      0s[K[?25h[?2026l[?2026h[?25l[A[1Gpulling manifest [K
pulling 85e4a5b7b8ef: 100% ▕█████████████████ ▏ 2.5 GB/2.5 GB   35 MB/s      0s[K[?25h[?2026l[?2026h[?25l[A[1Gpulling manifest [K
pulling 85e4a5b7b8ef: 100% ▕█████████████████ ▏ 2.5 GB/2.5 GB   35 MB/s      0s[K[?25h[?2026l[?2026h[?25l[A[1Gpulling manifest [K
pulling 85e4a5b7b8ef: 100% ▕█████████████████ ▏ 2.5 GB/2.5 GB   35 MB/s      0s[K[?25h[?2026l[?2026h[?25l[A[1Gpulling manifest [K
pulling 85e4a5b7b8ef: 100% ▕█████████████████ ▏ 2.5 GB/2.5 GB   35 MB/s      0s[K[?25h[?2026l[?2026h[?25l[A[1Gpulling manifest [K
pulling 85e4a5b7b8ef: 100% ▕██████████████████▏ 2.5 GB                         [K[?25h[?2026l[?2026h[?25l[A[1Gpulling manifest [K
pulling 85e4a5b7b8ef: 100% ▕██████████████████▏ 2.5 GB                         [K[?25h[?2026l[?2026h[?25l[A[1Gpulling manifest [K
pulling 85e4a5b7b8ef: 100% ▕██████████████████▏ 2.5 GB                         [K[?25h[?2026l[?2026h[?25l[A[1Gpulling manifest [K
pulling 85e4a5b7b8ef: 100% ▕██████████████████▏ 2.5 GB                         [K[?25h[?2026l[?2026h[?25l[A[1Gpulling manifest [K
pulling 85e4a5b7b8ef: 100% ▕██████████████████▏ 2.5 GB                         [K[?25h[?2026l[?2026h[?25l[A[1Gpulling manifest [K
pulling 85e4a5b7b8ef: 100% ▕██████████████████▏ 2.5 GB                         [K[?25h[?2026l[?2026h[?25l[A[1Gpulling manifest [K
pulling 85e4a5b7b8ef: 100% ▕██████████████████▏ 2.5 GB                         [K[?25h[?2026l[?2026h[?25l[A[1Gpulling manifest [K
pulling 85e4a5b7b8ef: 100% ▕██████████████████▏ 2.5 GB                         [K[?25h[?2026l[?2026h[?25l[A[1Gpulling manifest [K
pulling 85e4a5b7b8ef: 100% ▕██████████████████▏ 2.5 GB                         [K[?25h[?2026l[?2026h[?25l[A[1Gpulling manifest [K
pulling 85e4a5b7b8ef: 100% ▕██████████████████▏ 2.5 GB                         [K[?25h[?2026l[?2026h[?25l[A[1Gpulling manifest [K
pulling 85e4a5b7b8ef: 100% ▕██████████████████▏ 2.5 GB                         [K[?25h[?2026l[?2026h[?25l[A[1Gpulling manifest [K
pulling 85e4a5b7b8ef: 100% ▕██████████████████▏ 2.5 GB                         [K[?25h[?2026l[?2026h[?25l[A[1Gpulling manifest [K
pulling 85e4a5b7b8ef: 100% ▕██████████████████▏ 2.5 GB                         [K
pulling eade0a07cac7: 100% ▕██████████████████▏ 1.4 KB                         [K[?25h[?2026l[?2026h[?25l[A[A[1Gpulling manifest [K
pulling 85e4a5b7b8ef: 100% ▕██████████████████▏ 2.5 GB                         [K
pulling eade0a07cac7: 100% ▕██████████████████▏ 1.4 KB                         [K[?25h[?2026l[?2026h[?25l[A[A[1Gpulling manifest [K
pulling 85e4a5b7b8ef: 100% ▕██████████████████▏ 2.5 GB                         [K
pulling eade0a07cac7: 100% ▕██████████████████▏ 1.4 KB                         [K[?25h[?2026l[?2026h[?25l[A[A[1Gpulling manifest [K
pulling 85e4a5b7b8ef: 100% ▕██████████████████▏ 2.5 GB                         [K
pulling eade0a07cac7: 100% ▕██████████████████▏ 1.4 KB                         [K[?25h[?2026l[?2026h[?25l[A[A[1Gpulling manifest [K
pulling 85e4a5b7b8ef: 100% ▕██████████████████▏ 2.5 GB                         [K
pulling eade0a07cac7: 100% ▕██████████████████▏ 1.4 KB                         [K[?25h[?2026l[?2026h[?25l[A[A[1Gpulling manifest [K
pulling 85e4a5b7b8ef: 100% ▕██████████████████▏ 2.5 GB                         [K
pulling eade0a07cac7: 100% ▕██████████████████▏ 1.4 KB                         [K[?25h[?2026l[?2026h[?25l[A[A[1Gpulling manifest [K
pulling 85e4a5b7b8ef: 100% ▕██████████████████▏ 2.5 GB                         [K
pulling eade0a07cac7: 100% ▕██████████████████▏ 1.4 KB                         [K[?25h[?2026l[?2026h[?25l[A[A[1Gpulling manifest [K
pulling 85e4a5b7b8ef: 100% ▕██████████████████▏ 2.5 GB                         [K
pulling eade0a07cac7: 100% ▕██████████████████▏ 1.4 KB                         [K[?25h[?2026l[?2026h[?25l[A[A[1Gpulling manifest [K
pulling 85e4a5b7b8ef: 100% ▕██████████████████▏ 2.5 GB                         [K
pulling eade0a07cac7: 100% ▕██████████████████▏ 1.4 KB                         [K
pulling d18a5cc71b84: 100% ▕██████████████████▏  11 KB                         [K[?25h[?2026l[?2026h[?25l[A[A[A[1Gpulling manifest [K
pulling 85e4a5b7b8ef: 100% ▕██████████████████▏ 2.5 GB                         [K
pulling eade0a07cac7: 100% ▕██████████████████▏ 1.4 KB                         [K
pulling d18a5cc71b84: 100% ▕██████████████████▏  11 KB                         [K[?25h[?2026l[?2026h[?25l[A[A[A[1Gpulling manifest [K
pulling 85e4a5b7b8ef: 100% ▕██████████████████▏ 2.5 GB                         [K
pulling eade0a07cac7: 100% ▕██████████████████▏ 1.4 KB                         [K
pulling d18a5cc71b84: 100% ▕██████████████████▏  11 KB                         [K[?25h[?2026l[?2026h[?25l[A[A[A[1Gpulling manifest [K
pulling 85e4a5b7b8ef: 100% ▕██████████████████▏ 2.5 GB                         [K
pulling eade0a07cac7: 100% ▕██████████████████▏ 1.4 KB                         [K
pulling d18a5cc71b84: 100% ▕██████████████████▏  11 KB                         [K[?25h[?2026l[?2026h[?25l[A[A[A[1Gpulling manifest [K
pulling 85e4a5b7b8ef: 100% ▕██████████████████▏ 2.5 GB                         [K
pulling eade0a07cac7: 100% ▕██████████████████▏ 1.4 KB                         [K
pulling d18a5cc71b84: 100% ▕██████████████████▏  11 KB                         [K[?25h[?2026l[?2026h[?25l[A[A[A[1Gpulling manifest [K
pulling 85e4a5b7b8ef: 100% ▕██████████████████▏ 2.5 GB                         [K
pulling eade0a07cac7: 100% ▕██████████████████▏ 1.4 KB                         [K
pulling d18a5cc71b84: 100% ▕██████████████████▏  11 KB                         [K[?25h[?2026l[?2026h[?25l[A[A[A[1Gpulling manifest [K
pulling 85e4a5b7b8ef: 100% ▕██████████████████▏ 2.5 GB                         [K
pulling eade0a07cac7: 100% ▕██████████████████▏ 1.4 KB                         [K
pulling d18a5cc71b84: 100% ▕██████████████████▏  11 KB                         [K[?25h[?2026l[?2026h[?25l[A[A[A[1Gpulling manifest [K
pulling 85e4a5b7b8ef: 100% ▕██████████████████▏ 2.5 GB                         [K
pulling eade0a07cac7: 100% ▕██████████████████▏ 1.4 KB                         [K
pulling d18a5cc71b84: 100% ▕██████████████████▏  11 KB                         [K[?25h[?2026l[?2026h[?25l[A[A[A[1Gpulling manifest [K
pulling 85e4a5b7b8ef: 100% ▕██████████████████▏ 2.5 GB                         [K
pulling eade0a07cac7: 100% ▕██████████████████▏ 1.4 KB                         [K
pulling d18a5cc71b84: 100% ▕██████████████████▏  11 KB                         [K[?25h[?2026l[?2026h[?25l[A[A[A[1Gpulling manifest [K
pulling 85e4a5b7b8ef: 100% ▕██████████████████▏ 2.5 GB                         [K
pulling eade0a07cac7: 100% ▕██████████████████▏ 1.4 KB                         [K
pulling d18a5cc71b84: 100% ▕██████████████████▏  11 KB                         [K
pulling 0914c7781e00: 100% ▕██████████████████▏  119 B                         [K[?25h[?2026l[?2026h[?25l[A[A[A[A[1Gpulling manifest [K
pulling 85e4a5b7b8ef: 100% ▕██████████████████▏ 2.5 GB                         [K
pulling eade0a07cac7: 100% ▕██████████████████▏ 1.4 KB                         [K
pulling d18a5cc71b84: 100% ▕██████████████████▏  11 KB                         [K
pulling 0914c7781e00: 100% ▕██████████████████▏  119 B                         [K[?25h[?2026l[?2026h[?25l[A[A[A[A[1Gpulling manifest [K
pulling 85e4a5b7b8ef: 100% ▕██████████████████▏ 2.5 GB                         [K
pulling eade0a07cac7: 100% ▕██████████████████▏ 1.4 KB                         [K
pulling d18a5cc71b84: 100% ▕██████████████████▏  11 KB                         [K
pulling 0914c7781e00: 100% ▕██████████████████▏  119 B                         [K[?25h[?2026l[?2026h[?25l[A[A[A[A[1Gpulling manifest [K
pulling 85e4a5b7b8ef: 100% ▕██████████████████▏ 2.5 GB                         [K
pulling eade0a07cac7: 100% ▕██████████████████▏ 1.4 KB                         [K
pulling d18a5cc71b84: 100% ▕██████████████████▏  11 KB                         [K
pulling 0914c7781e00: 100% ▕██████████████████▏  119 B                         [K[?25h[?2026l[?2026h[?25l[A[A[A[A[1Gpulling manifest [K
pulling 85e4a5b7b8ef: 100% ▕██████████████████▏ 2.5 GB                         [K
pulling eade0a07cac7: 100% ▕██████████████████▏ 1.4 KB                         [K
pulling d18a5cc71b84: 100% ▕██████████████████▏  11 KB                         [K
pulling 0914c7781e00: 100% ▕██████████████████▏  119 B                         [K[?25h[?2026l[?2026h[?25l[A[A[A[A[1Gpulling manifest [K
pulling 85e4a5b7b8ef: 100% ▕██████████████████▏ 2.5 GB                         [K
pulling eade0a07cac7: 100% ▕██████████████████▏ 1.4 KB                         [K
pulling d18a5cc71b84: 100% ▕██████████████████▏  11 KB                         [K
pulling 0914c7781e00: 100% ▕██████████████████▏  119 B                         [K[?25h[?2026l[?2026h[?25l[A[A[A[A[1Gpulling manifest [K
pulling 85e4a5b7b8ef: 100% ▕██████████████████▏ 2.5 GB                         [K
pulling eade0a07cac7: 100% ▕██████████████████▏ 1.4 KB                         [K
pulling d18a5cc71b84: 100% ▕██████████████████▏  11 KB                         [K
pulling 0914c7781e00: 100% ▕██████████████████▏  119 B                         [K[?25h[?2026l[?2026h[?25l[A[A[A[A[1Gpulling manifest [K
pulling 85e4a5b7b8ef: 100% ▕██████████████████▏ 2.5 GB                         [K
pulling eade0a07cac7: 100% ▕██████████████████▏ 1.4 KB                         [K
pulling d18a5cc71b84: 100% ▕██████████████████▏  11 KB                         [K
pulling 0914c7781e00: 100% ▕██████████████████▏  119 B                         [K[?25h[?2026l[?2026h[?25l[A[A[A[A[1Gpulling manifest [K
pulling 85e4a5b7b8ef: 100% ▕██████████████████▏ 2.5 GB                         [K
pulling eade0a07cac7: 100% ▕██████████████████▏ 1.4 KB                         [K
pulling d18a5cc71b84: 100% ▕██████████████████▏  11 KB                         [K
pulling 0914c7781e00: 100% ▕██████████████████▏  119 B                         [K[?25h[?2026l[?2026h[?25l[A[A[A[A[1Gpulling manifest [K
pulling 85e4a5b7b8ef: 100% ▕██████████████████▏ 2.5 GB                         [K
pulling eade0a07cac7: 100% ▕██████████████████▏ 1.4 KB                         [K
pulling d18a5cc71b84: 100% ▕██████████████████▏  11 KB                         [K
pulling 0914c7781e00: 100% ▕██████████████████▏  119 B                         [K[?25h[?2026l[?2026h[?25l[A[A[A[A[1Gpulling manifest [K
pulling 85e4a5b7b8ef: 100% ▕██████████████████▏ 2.5 GB                         [K
pulling eade0a07cac7: 100% ▕██████████████████▏ 1.4 KB                         [K
pulling d18a5cc71b84: 100% ▕██████████████████▏  11 KB                         [K
pulling 0914c7781e00: 100% ▕██████████████████▏  119 B                         [K[?25h[?2026l[?2026h[?25l[A[A[A[A[1Gpulling manifest [K
pulling 85e4a5b7b8ef: 100% ▕██████████████████▏ 2.5 GB                         [K
pulling eade0a07cac7: 100% ▕██████████████████▏ 1.4 KB                         [K
pulling d18a5cc71b84: 100% ▕██████████████████▏  11 KB                         [K
pulling 0914c7781e00: 100% ▕██████████████████▏  119 B                         [K[?25h[?2026l[?2026h[?25l[A[A[A[A[1Gpulling manifest [K
pulling 85e4a5b7b8ef: 100% ▕██████████████████▏ 2.5 GB                         [K
pulling eade0a07cac7: 100% ▕██████████████████▏ 1.4 KB                         [K
pulling d18a5cc71b84: 100% ▕██████████████████▏  11 KB                         [K
pulling 0914c7781e00: 100% ▕██████████████████▏  119 B                         [K[?25h[?2026l[?2026h[?25l[A[A[A[A[1Gpulling manifest [K
pulling 85e4a5b7b8ef: 100% ▕██████████████████▏ 2.5 GB                         [K
pulling eade0a07cac7: 100% ▕██████████████████▏ 1.4 KB                         [K
pulling d18a5cc71b84: 100% ▕██████████████████▏  11 KB                         [K
pulling 0914c7781e00: 100% ▕██████████████████▏  119 B                         [K
pulling b72accf9724e: 100% ▕██████████████████▏  487 B                         [K[?25h[?2026l[?2026h[?25l[A[A[A[A[A[1Gpulling manifest [K
pulling 85e4a5b7b8ef: 100% ▕██████████████████▏ 2.5 GB                         [K
pulling eade0a07cac7: 100% ▕██████████████████▏ 1.4 KB                         [K
pulling d18a5cc71b84: 100% ▕██████████████████▏  11 KB                         [K
pulling 0914c7781e00: 100% ▕██████████████████▏  119 B                         [K
pulling b72accf9724e: 100% ▕██████████████████▏  487 B                         [K[?25h[?2026l[?2026h[?25l[A[A[A[A[A[1Gpulling manifest [K
pulling 85e4a5b7b8ef: 100% ▕██████████████████▏ 2.5 GB                         [K
pulling eade0a07cac7: 100% ▕██████████████████▏ 1.4 KB                         [K
pulling d18a5cc71b84: 100% ▕██████████████████▏  11 KB                         [K
pulling 0914c7781e00: 100% ▕██████████████████▏  119 B                         [K
pulling b72accf9724e: 100% ▕██████████████████▏  487 B                         [K[?25h[?2026l[?2026h[?25l[A[A[A[A[A[1Gpulling manifest [K
pulling 85e4a5b7b8ef: 100% ▕██████████████████▏ 2.5 GB                         [K
pulling eade0a07cac7: 100% ▕██████████████████▏ 1.4 KB                         [K
pulling d18a5cc71b84: 100% ▕██████████████████▏  11 KB                         [K
pulling 0914c7781e00: 100% ▕██████████████████▏  119 B                         [K
pulling b72accf9724e: 100% ▕██████████████████▏  487 B                         [K[?25h[?2026l[?2026h[?25l[A[A[A[A[A[1Gpulling manifest [K
pulling 85e4a5b7b8ef: 100% ▕██████████████████▏ 2.5 GB                         [K
pulling eade0a07cac7: 100% ▕██████████████████▏ 1.4 KB                         [K
pulling d18a5cc71b84: 100% ▕██████████████████▏  11 KB                         [K
pulling 0914c7781e00: 100% ▕██████████████████▏  119 B                         [K
pulling b72accf9724e: 100% ▕██████████████████▏  487 B                         [K[?25h[?2026l[?2026h[?25l[A[A[A[A[A[1Gpulling manifest [K
pulling 85e4a5b7b8ef: 100% ▕██████████████████▏ 2.5 GB                         [K
pulling eade0a07cac7: 100% ▕██████████████████▏ 1.4 KB                         [K
pulling d18a5cc71b84: 100% ▕██████████████████▏  11 KB                         [K
pulling 0914c7781e00: 100% ▕██████████████████▏  119 B                         [K
pulling b72accf9724e: 100% ▕██████████████████▏  487 B                         [K[?25h[?2026l[?2026h[?25l[A[A[A[A[A[1Gpulling manifest [K
pulling 85e4a5b7b8ef: 100% ▕██████████████████▏ 2.5 GB                         [K
pulling eade0a07cac7: 100% ▕██████████████████▏ 1.4 KB                         [K
pulling d18a5cc71b84: 100% ▕██████████████████▏  11 KB                         [K
pulling 0914c7781e00: 100% ▕██████████████████▏  119 B                         [K
pulling b72accf9724e: 100% ▕██████████████████▏  487 B                         [K[?25h[?2026l[?2026h[?25l[A[A[A[A[A[1Gpulling manifest [K
pulling 85e4a5b7b8ef: 100% ▕██████████████████▏ 2.5 GB                         [K
pulling eade0a07cac7: 100% ▕██████████████████▏ 1.4 KB                         [K
pulling d18a5cc71b84: 100% ▕██████████████████▏  11 KB                         [K
pulling 0914c7781e00: 100% ▕██████████████████▏  119 B                         [K
pulling b72accf9724e: 100% ▕██████████████████▏  487 B                         [K[?25h[?2026l[?2026h[?25l[A[A[A[A[A[1Gpulling manifest [K
pulling 85e4a5b7b8ef: 100% ▕██████████████████▏ 2.5 GB                         [K
pulling eade0a07cac7: 100% ▕██████████████████▏ 1.4 KB                         [K
pulling d18a5cc71b84: 100% ▕██████████████████▏  11 KB                         [K
pulling 0914c7781e00: 100% ▕██████████████████▏  119 B                         [K
pulling b72accf9724e: 100% ▕██████████████████▏  487 B                         [K
verifying sha256 digest ⠋ [K[?25h[?2026l[?2026h[?25l[A[A[A[A[A[A[1Gpulling manifest [K
pulling 85e4a5b7b8ef: 100% ▕██████████████████▏ 2.5 GB                         [K
pulling eade0a07cac7: 100% ▕██████████████████▏ 1.4 KB                         [K
pulling d18a5cc71b84: 100% ▕██████████████████▏  11 KB                         [K
pulling 0914c7781e00: 100% ▕██████████████████▏  119 B                         [K
pulling b72accf9724e: 100% ▕██████████████████▏  487 B                         [K
verifying sha256 digest ⠙ [K[?25h[?2026l[?2026h[?25l[A[A[A[A[A[A[1Gpulling manifest [K
pulling 85e4a5b7b8ef: 100% ▕██████████████████▏ 2.5 GB                         [K
pulling eade0a07cac7: 100% ▕██████████████████▏ 1.4 KB                         [K
pulling d18a5cc71b84: 100% ▕██████████████████▏  11 KB                         [K
pulling 0914c7781e00: 100% ▕██████████████████▏  119 B                         [K
pulling b72accf9724e: 100% ▕██████████████████▏  487 B                         [K
verifying sha256 digest ⠹ [K[?25h[?2026l[?2026h[?25l[A[A[A[A[A[A[1Gpulling manifest [K
pulling 85e4a5b7b8ef: 100% ▕██████████████████▏ 2.5 GB                         [K
pulling eade0a07cac7: 100% ▕██████████████████▏ 1.4 KB                         [K
pulling d18a5cc71b84: 100% ▕██████████████████▏  11 KB                         [K
pulling 0914c7781e00: 100% ▕██████████████████▏  119 B                         [K
pulling b72accf9724e: 100% ▕██████████████████▏  487 B                         [K
verifying sha256 digest ⠸ [K[?25h[?2026l[?2026h[?25l[A[A[A[A[A[A[1Gpulling manifest [K
pulling 85e4a5b7b8ef: 100% ▕██████████████████▏ 2.5 GB                         [K
pulling eade0a07cac7: 100% ▕██████████████████▏ 1.4 KB                         [K
pulling d18a5cc71b84: 100% ▕██████████████████▏  11 KB                         [K
pulling 0914c7781e00: 100% ▕██████████████████▏  119 B                         [K
pulling b72accf9724e: 100% ▕██████████████████▏  487 B                         [K
verifying sha256 digest ⠼ [K[?25h[?2026l[?2026h[?25l[A[A[A[A[A[A[1Gpulling manifest [K
pulling 85e4a5b7b8ef: 100% ▕██████████████████▏ 2.5 GB                         [K
pulling eade0a07cac7: 100% ▕██████████████████▏ 1.4 KB                         [K
pulling d18a5cc71b84: 100% ▕██████████████████▏  11 KB                         [K
pulling 0914c7781e00: 100% ▕██████████████████▏  119 B                         [K
pulling b72accf9724e: 100% ▕██████████████████▏  487 B                         [K
verifying sha256 digest ⠴ [K[?25h[?2026l[?2026h[?25l[A[A[A[A[A[A[1Gpulling manifest [K
pulling 85e4a5b7b8ef: 100% ▕██████████████████▏ 2.5 GB                         [K
pulling eade0a07cac7: 100% ▕██████████████████▏ 1.4 KB                         [K
pulling d18a5cc71b84: 100% ▕██████████████████▏  11 KB                         [K
pulling 0914c7781e00: 100% ▕██████████████████▏  119 B                         [K
pulling b72accf9724e: 100% ▕██████████████████▏  487 B                         [K
verifying sha256 digest ⠦ [K[?25h[?2026l[?2026h[?25l[A[A[A[A[A[A[1Gpulling manifest [K
pulling 85e4a5b7b8ef: 100% ▕██████████████████▏ 2.5 GB                         [K
pulling eade0a07cac7: 100% ▕██████████████████▏ 1.4 KB                         [K
pulling d18a5cc71b84: 100% ▕██████████████████▏  11 KB                         [K
pulling 0914c7781e00: 100% ▕██████████████████▏  119 B                         [K
pulling b72accf9724e: 100% ▕██████████████████▏  487 B                         [K
verifying sha256 digest ⠧ [K[?25h[?2026l[?2026h[?25l[A[A[A[A[A[A[1Gpulling manifest [K
pulling 85e4a5b7b8ef: 100% ▕██████████████████▏ 2.5 GB                         [K
pulling eade0a07cac7: 100% ▕██████████████████▏ 1.4 KB                         [K
pulling d18a5cc71b84: 100% ▕██████████████████▏  11 KB                         [K
pulling 0914c7781e00: 100% ▕██████████████████▏  119 B                         [K
pulling b72accf9724e: 100% ▕██████████████████▏  487 B                         [K
verifying sha256 digest ⠇ [K[?25h[?2026l[?2026h[?25l[A[A[A[A[A[A[1Gpulling manifest [K
pulling 85e4a5b7b8ef: 100% ▕██████████████████▏ 2.5 GB                         [K
pulling eade0a07cac7: 100% ▕██████████████████▏ 1.4 KB                         [K
pulling d18a5cc71b84: 100% ▕██████████████████▏  11 KB                         [K
pulling 0914c7781e00: 100% ▕██████████████████▏  119 B                         [K
pulling b72accf9724e: 100% ▕██████████████████▏  487 B                         [K
verifying sha256 digest ⠏ [K[?25h[?2026l[?2026h[?25l[A[A[A[A[A[A[1Gpulling manifest [K
pulling 85e4a5b7b8ef: 100% ▕██████████████████▏ 2.5 GB                         [K
pulling eade0a07cac7: 100% ▕██████████████████▏ 1.4 KB                         [K
pulling d18a5cc71b84: 100% ▕██████████████████▏  11 KB                         [K
pulling 0914c7781e00: 100% ▕██████████████████▏  119 B                         [K
pulling b72accf9724e: 100% ▕██████████████████▏  487 B                         [K
verifying sha256 digest [K
writing manifest [K
success [K[?25h[?2026l
